-0.0088649,-0.29638,0.083314,0.04423,0.054589,-0.06615,0.15244,0.082244,-0.065837,-0.020927,-0.038483,-0.020117,0.11131,0.021094,0.06116,0.068398,-0.12313,0.2274,-0.0046628,-0.10978,0.15527,-0.077869,0.072101,-0.12444,0.11033,-0.077632,0.30654,-0.004917,0.076751,0.060625,0.17036,-0.12747,-0.16611,-0.090137,0.031854,-0.017087,-0.0019254,0.045583,-0.020391,-0.10451,-0.039469,-0.00060812,-0.17973,0.026767,0.02302,0.046823,-0.019691,0.042902,0.032769,0.037061,0.11491,-0.060777,0.077827,0.039233,-0.026004,-0.037813,0.092381,-0.11074,-0.12802,-0.069236,-0.28259,0.028536,0.036539,0.13423,-0.0084819,-0.14895,-0.067548,0.14392,0.042022,0.04021,0.059691
-0.036003,-0.3166,0.062019,0.024209,0.079431,-0.061339,0.14196,0.038201,-0.079481,-0.029798,-0.09317,0.033489,0.12286,0.014548,0.022313,0.10704,-0.075419,0.109,-0.037152,-0.072904,0.06827,-0.054427,0.06316,-0.066681,0.062451,-0.0062977,0.11503,0.01186,0.040333,0.076767,0.084021,0.021539,-0.033214,0.010621,-0.036938,-0.023485,0.013579,0.075395,0.043597,-0.064603,-0.079505,-0.052027,0.047681,0.055117,0.021342,-0.033815,-0.01725,-0.09035,-0.079072,-0.042406,-0.055717,0.10116,-0.018871,-0.10277,0.038381,-0.040984,-0.027712,0.066038,0.080812,-0.016016,0.032995,0.069162,-0.0057145,-0.022006,0.055105,-0.010072,-0.074059,-0.15206,-0.078875,0.068532,-0.072868
-0.078292,-0.3334,0.029501,-0.0034164,0.12473,-0.07004,0.14687,0.016126,-0.084812,-0.06668,-0.1124,0.049843,0.11301,-0.019055,-0.0068525,0.11384,-0.032881,-0.0019229,-0.049521,-0.044325,-0.10691,-0.026644,0.0031943,0.063753,-0.017668,0.051339,-0.057942,-0.041604,-0.0090745,0.0071566,-0.040562,0.051774,0.0756,0.13318,-0.12296,-0.042331,0.065477,-0.014285,0.046337,-0.064892,-0.049861,-0.10512,0.092765,0.032055,0.051702,-0.062751,-0.00066996,-0.030396,-0.12622,-0.012149,-0.068707,0.087412,-0.053641,-0.053848,0.090236,0.046353,-0.038903,0.084734,0.076767,0.038222,0.23056,0.018284,-0.075489,0.016867,-0.02455,0.10778,0.044239,0.013937,-0.019718,-0.086926,-0.054804
-0.12186,-0.31504,-0.0036539,-0.001173,0.12716,-0.067242,0.097408,-0.016074,-0.017637,-0.038929,-0.12417,0.050679,0.086004,-0.026298,-0.026393,0.037476,0.066974,-0.085572,-0.038849,0.023548,-0.20501,0.070091,-0.051766,0.10572,-0.034129,0.10504,-0.21461,-0.018725,0.024793,-0.11324,-0.091445,0.014542,0.058716,0.085289,-0.11738,-0.010456,0.069294,-0.052037,-0.075017,-0.019668,0.055592,0.066357,-0.047724,-0.095665,-0.021901,0.01419,0.077747,0.037222,0.13463,-0.011091,-0.070441,-0.11985,-0.020887,0.13667,-0.039236,0.088206,-0.036345,0.0043503,-0.062541,0.0053429,0.09906,-0.10076,-0.029558,0.042712,-0.031069,0.015977,0.17702,0.031315,0.027987,-0.042695,-0.0082417
-0.16197,-0.25847,-0.071192,0.0083073,0.21312,0.13016,-0.078228,-0.053395,0.054548,0.09451,-0.058653,-0.092685,-0.014976,-0.030519,0.029296,-0.12657,0.068064,-0.11186,-0.030394,0.052739,-0.093667,0.16161,0.0071187,0.053469,-0.009296,0.04449,-0.098941,0.057444,0.009059,-0.052029,0.10404,-0.1783,0.13652,0.020645,0.15904,-0.031107,0.028883,-0.042157,-0.033288,0.15165,0.0443,0.14915,0.068218,-0.087756,0.012037,0.044248,-0.014925,0.075821,0.23116,0.068823,0.082608,-0.077139,0.0060797,-0.0014398,-0.085762,-0.040371,-0.13424,-0.13091,-0.056574,0.021368,-0.058511,-0.039296,-0.012015,-0.10889,0.0076972,0.001528,-0.10728,-0.11256,0.12477,0.078257,0.10916
-0.13136,-0.15223,-0.076752,-0.011582,0.21374,0.21699,-0.16304,-0.049554,0.011609,0.17635,0.021683,-0.1659,-0.069268,-0.091502,0.014949,-0.13614,0.065152,-0.089171,0.083774,0.016757,0.14484,0.08912,0.11348,0.094022,0.048157,-0.15968,-0.036065,0.12945,-0.077376,0.096185,-0.073784,0.0090113,-0.027775,0.012232,0.12623,0.14088,-0.17608,-0.056609,0.071529,0.040292,-0.05718,-0.041425,0.0055963,0.074644,-0.18658,0.10217,-0.048856,0.04219,-0.069388,-0.16074,-0.023651,0.30911,0.067733,-0.047471,0.0047733,0.067027,0.10958,0.10122,0.18183,-0.10907,-0.12208,-0.0020568,0.061592,0.0026716,-0.00025454,-0.073657,0.083092,0.12038,-0.1847,0.0010901,0.0085967
-0.054678,-0.045281,-0.012166,-0.017878,0.078027,0.11435,-0.095066,-0.061669,-0.070339,0.12593,0.052813,-0.10277,-0.001806,-0.04874,-0.10763,-0.019797,0.12754,-0.010508,0.15089,0.031915,0.2339,-0.080679,0.0021191,0.058362,0.085737,-0.31626,-0.042526,-0.069467,-0.21251,-0.18213,-0.22205,0.26466,-0.1206,-0.034144,-0.1063,-0.064287,0.01873,0.069869,-0.079274,-0.10718,0.0011082,-0.15657,-0.088839,-0.068962,0.1631,-0.052796,-0.031661,-0.065657,-0.11669,0.10138,0.12908,-0.20156,-0.0078421,-0.13017,-0.020606,-0.10483,-0.074246,0.039081,-0.17001,-0.10221,0.017568,-0.040849,0.0038088,0.021898,0.0024341,0.053538,-0.14992,0.0044714,0.13811,-0.073491,0.081941
-0.014872,0.067318,0.020415,-0.00057151,-0.0016299,-0.023738,0.039094,0.010928,0.0015046,0.10926,0.012609,-0.00086609,0.006194,0.019931,-0.047523,-0.037179,0.086295,0.046782,0.02414,0.0094162,-0.0090582,-0.039713,-0.0070889,-0.11146,-0.087711,0.091061,-0.15916,0.005681,-0.12168,-0.10089,0.062603,0.07041,-0.10653,-0.10339,-0.019022,-0.069303,0.085476,0.043709,-0.064275,-0.071685,0.001925,-0.057495,-0.20185,-0.10649,-0.014906,-0.011661,-0.17135,-0.14768,0.16304,0.0050692,0.096583,0.028629,-0.094202,-0.057637,0.22564,0.087362,-0.038992,-0.083095,0.042124,0.10484,0.019564,0.4074,-0.082099,0.027511,0.065223,0.0035099,0.094522,0.046994,-0.064715,0.075502,-0.14655
0.064358,0.0021661,0.024821,0.0045917,-0.030086,-0.024954,0.11757,0.26117,0.055684,0.041825,-0.089427,-0.10854,-0.11106,0.1229,0.13519,-0.089059,0.067902,-0.03307,-0.16515,-0.053,-0.05358,0.10325,0.031862,-0.098935,-0.12396,0.13497,-0.077315,-0.020678,-0.27877,0.23346,0.034255,0.056577,0.099728,-0.26954,-0.090301,-0.16265,-0.11838,-0.21623,-0.0021309,0.0047276,-0.12924,0.0001153,-0.12448,0.04137,0.0089334,-0.045601,0.11129,-0.0087589,-0.074157,-0.13658,-0.08704,0.11858,0.063033,-0.060164,0.08284,0.030944,0.20663,-0.058397,-0.18287,0.03112,-0.10296,-0.10121,-0.074151,-0.084361,-0.015236,0.012101,-0.15613,0.024482,0.16506,-0.10525,-0.009742
0.19061,-0.046467,0.0080362,0.0056375,-0.18185,-0.1611,0.17995,0.2424,0.0076151,-0.024493,-0.045135,-0.087195,-0.063637,0.046084,-0.078673,-0.0076108,-0.068883,0.057496,-0.20172,-0.054297,0.0056555,0.18932,-0.02933,0.016443,-0.0067759,-0.04385,-0.011885,-0.10141,-0.11117,-0.10736,-0.13127,0.15505,0.1885,0.10193,-0.0098438,-0.031525,0.047759,-0.0018004,-0.11718,0.18447,-0.016984,0.10829,0.061089,0.021018,0.07772,0.10922,0.039134,0.073426,0.11688,0.087879,0.28505,-0.088973,0.007744,-0.068033,-0.16378,-0.032629,-0.044292,0.084892,0.22981,-0.11537,-0.16467,0.0014005,0.071617,0.018284,0.031176,-0.14008,-0.0036212,0.036355,-0.14091,0.1061,0.074183
0.2637,-0.11051,-0.024996,-0.0094462,-0.18701,-0.11492,0.097417,0.16199,-0.025865,0.024246,0.068637,-0.023843,0.0053389,0.050096,-0.092841,0.055393,-0.10254,0.12865,-0.051858,-0.08962,0.088997,0.043436,0.076247,0.060821,-0.046129,-0.075929,-0.08517,0.0084238,0.046855,-0.14763,-0.181,0.015765,-0.0081266,0.19301,0.099717,0.20045,-0.079659,-0.0038871,0.027042,0.0057434,0.075669,-0.064766,0.08204,-0.00027532,-0.14633,-0.04118,-0.068578,-0.064308,-0.089826,-0.12856,-0.069763,0.091853,0.022352,-0.081268,0.048536,-0.015406,-0.054807,0.0040141,-0.12964,0.019301,0.11822,-0.013992,0.0074646,-0.02787,-0.059835,0.10912,0.17622,0.078099,0.11122,-0.074114,0.037694
0.28368,-0.16333,-0.090922,0.0025529,-0.13986,0.008784,-0.044955,-0.011643,-0.033311,0.11918,0.16018,0.055663,0.029023,0.089915,0.029675,-0.0024367,-0.022261,0.062792,0.038237,-0.069591,0.10623,-0.083546,0.10447,-0.049211,-0.0056193,-0.093663,-0.12529,0.063679,-0.0020661,-0.039153,0.18292,-0.084883,-0.090763,-0.040729,0.099727,0.019435,-0.093367,-0.021665,0.097113,-0.034908,-0.053705,0.010021,0.065107,0.012399,0.027388,0.025124,-0.074792,0.058107,0.03126,0.009025,-0.13368,0.044592,-0.060325,-0.012441,-0.020324,0.01287,-0.18316,0.048256,0.097803,-0.033495,0.19322,-0.093458,-0.028901,-0.04094,-0.020438,0.012611,-0.019935,-0.13182,-0.021239,-0.02357,0.0011333
0.25615,-0.18487,-0.14009,0.0074444,-0.13893,0.027832,-0.11451,-0.066941,0.045506,0.10931,0.12906,0.063319,0.010025,0.00072197,0.018369,-0.050994,-0.017936,-0.048306,0.010873,-0.018043,0.0056562,-0.025188,0.062674,0.014454,0.06013,-0.060715,0.050901,0.09481,-0.00048759,0.024575,0.12378,-0.0929,-0.095753,-0.083356,0.08351,-0.087302,0.012869,0.016494,-0.055382,0.00027755,-0.022019,0.060591,-0.098519,0.0045358,0.024138,0.012961,0.03326,0.064088,0.26903,0.02016,-0.094601,-0.048366,-0.020273,0.14045,0.017435,0.076904,-0.07543,-0.02216,-0.066053,-0.010129,0.031314,-0.066665,-0.060269,-0.022782,-0.0015374,0.028709,-0.030954,-0.061097,-0.010482,0.014088,-0.043621
0.21264,-0.17837,-0.16277,-0.012625,-0.10139,0.019018,-0.11532,-0.073682,0.040599,0.069246,0.10861,0.059173,0.021054,-0.034805,0.017272,-0.054706,-0.013144,-0.17402,-0.01422,0.030062,-0.1068,0.017212,-0.042747,0.092927,0.052425,0.017906,0.061403,0.024457,0.079979,0.064528,0.010686,-0.076827,0.030517,-0.0174,-0.06827,-0.068968,0.15042,0.040191,-0.056738,-0.067943,0.012823,-0.048269,-0.1462,-0.013926,0.026336,-0.01454,0.073667,0.0093517,0.048063,0.04186,0.076011,-0.049703,0.0025376,0.032275,0.032924,0.073672,0.077689,-0.036876,-0.059804,0.046977,-0.065817,0.053931,-0.011365,0.069859,-0.0046295,0.025676,-0.028633,0.14486,-0.035756,-0.067059,-0.022442
0.16751,-0.17419,-0.18462,-0.033933,-0.06747,0.042872,-0.13789,-0.091495,0.058981,0.063383,0.034679,0.062342,0.020847,0.010953,0.037198,-0.048315,0.056962,-0.29823,-0.054289,0.091705,-0.14543,0.058962,-0.13239,0.10503,0.058721,0.089024,0.10292,-0.061102,0.11242,0.071785,-0.035667,0.043148,0.094146,0.02385,-0.25751,0.017072,0.12096,0.10976,0.01686,-0.12803,-0.039321,-0.1088,0.064277,0.022865,-0.014846,-0.039425,-0.029289,-0.14982,-0.28312,-0.0075756,0.076862,0.063401,0.071674,-0.099302,0.030903,-0.12638,0.16465,0.038494,0.037716,-0.015379,-0.098766,0.10069,0.041053,0.035503,0.075504,-0.14389,0.018288,-0.012928,0.054697,0.091008,0.015047
0.070431,-0.0021865,-0.16918,-0.13298,0.18543,-0.1013,0.060645,-0.19113,0.045039,0.00047483,-0.11456,-0.1055,-0.082312,0.091028,-0.00039518,-0.029375,0.020489,0.092342,-0.027095,-0.11004,0.011257,-0.096994,-0.048475,0.054222,0.043675,0.080378,0.050286,0.04281,0.1679,0.17511,-0.094684,0.22927,-0.097047,0.089752,-0.021238,-0.15252,-0.16838,-0.19436,0.1933,0.1692,0.19489,0.13503,-0.1599,-0.026019,0.13566,0.21095,-0.24897,0.12396,-0.076184,-0.057464,0.060219,-0.076415,-0.28309,0.052831,-0.0053342,-0.030033,0.10373,0.043702,-0.094512,-0.081348,0.030792,0.043251,0.096854,-0.079917,-0.0075998,0.096926,0.086527,0.023274,0.040558,0.057197,-0.055408
0.033801,0.032337,-0.12498,-0.12443,0.18062,-0.029572,0.18924,-0.012697,0.052591,-0.036088,-0.055065,-0.14232,-0.13784,0.15342,0.078685,-0.025197,0.079454,-0.0038827,0.10637,-0.054857,0.038733,-0.14143,-0.046941,0.089974,0.098029,0.025109,0.014973,-0.20937,-0.036737,0.0035256,-0.016606,-0.081853,-0.1112,-0.19951,0.023709,0.29302,0.096149,-0.10789,-0.38945,0.045392,0.17666,-0.12303,0.16346,0.081962,0.013018,0.002715,0.048643,0.10682,0.019502,-0.017127,0.046257,0.13101,0.0327,-0.031345,-0.0024308,-0.11326,-0.061345,-0.13732,-0.080408,0.073837,0.14568,-0.062712,-0.14129,0.060965,0.099716,-0.2233,0.13458,-0.072677,-0.036181,0.0075554,0.067025
-0.025424,0.039914,-0.065132,-0.13747,0.1181,0.19482,0.11452,0.19196,0.037738,-0.12488,0.1249,0.12712,-0.06135,0.080645,-0.052503,-0.068264,0.099554,0.14479,0.047399,0.063723,0.083056,-0.14727,-0.013715,0.17868,-0.023967,0.065205,0.0033165,0.061954,0.13829,-0.080958,-0.054977,-0.11617,0.18417,0.033342,0.11465,-0.31277,-0.10486,0.023515,-0.39049,0.0045136,-0.094895,-0.19618,0.010084,0.062549,-0.027021,0.099642,0.0083997,-0.071456,0.029526,-0.001225,-0.1029,-0.0082806,-0.014296,-0.0055513,-0.025694,0.18515,0.05359,0.10604,0.11486,-0.11601,-0.076328,0.16428,0.096071,0.078308,-0.13355,0.19289,-0.061292,-0.054658,0.091655,-0.057109,-0.012989
-0.037396,0.047886,-0.022168,-0.1003,0.038469,0.12141,0.066014,0.2286,0.028037,-0.14416,0.069253,0.14143,-0.009719,-0.043934,-0.080776,-0.092222,-0.11244,0.012767,0.12213,0.075231,0.082998,0.046469,-0.047532,0.056489,-0.055341,0.089315,-0.094009,0.26131,-0.16314,0.054867,0.20026,0.065822,-0.069618,0.24606,-0.20003,0.020932,-0.017295,0.20767,0.059112,0.1235,0.04102,-0.13671,-0.11162,-0.20847,0.1414,0.184,-0.038464,0.0367,0.13453,0.033687,-0.094394,0.10277,0.14439,0.013484,-0.041563,-0.29319,0.05387,-0.078945,-0.011866,0.056315,0.10711,-0.091184,-0.013295,-0.09328,0.094139,-0.15514,-0.0063567,0.17856,-0.034931,-0.10534,-0.030446
-0.017106,0.039077,-0.06469,-0.12994,0.09062,0.093816,0.13686,0.11282,0.032153,-0.14143,0.068715,0.019358,-0.10645,0.14774,-0.088469,-0.047443,0.0040631,0.037625,0.12418,0.026087,0.070869,0.027653,-0.057906,0.12551,-0.047513,0.0058139,-0.10083,0.052641,-0.18984,-0.02714,0.051552,-0.083839,0.088187,0.013688,0.0086224,0.067573,0.1096,0.12667,0.39821,-0.17428,-0.094513,0.16109,-0.010393,0.077928,-0.11842,-0.10355,0.15959,0.16185,-0.10908,-0.012979,0.046516,-0.053083,-0.0010779,0.024364,-0.063807,0.1454,-0.051153,0.12793,-0.19647,-0.074496,0.032976,0.051485,0.060118,0.21021,-0.0095285,-0.058328,0.019842,-0.099054,0.097587,0.28885,0.071909
0.019554,0.02041,-0.12274,-0.11191,0.13834,0.00092164,0.089818,-0.044912,0.024386,-0.062478,-0.072213,-0.060351,-0.1122,0.14305,-0.0025148,-0.060653,-0.0019821,0.099206,0.064018,-0.063221,0.035778,-0.08344,0.039932,0.075743,0.070214,0.012467,-0.032473,-0.0012605,-0.11436,0.016025,0.013796,-0.05794,-0.10727,0.017775,-0.10355,0.038185,0.13978,0.011563,0.19237,0.036919,0.11307,0.13164,0.030368,-0.045979,-0.08018,-0.31059,0.030037,-0.30228,0.088653,-0.035521,0.17411,-0.087547,0.043956,0.0092445,0.10835,0.066249,-0.10075,0.00056687,0.27065,0.11568,-0.21164,-0.080258,-0.099106,-0.20845,-0.096665,0.18839,-0.1478,0.029838,-0.14325,-0.11459,-0.075181
-0.039997,-0.076693,0.13488,0.13763,-0.19517,0.076317,-0.085669,0.21463,-0.04112,-0.021412,0.073138,-0.0026846,-0.018403,-0.099451,-0.01661,0.036979,0.028321,-0.011775,0.077615,0.18736,0.03978,0.0038402,-0.1117,0.077852,0.10262,-0.0242,0.022559,-0.13561,-0.090451,-0.1339,0.22928,-0.096848,-0.050042,-0.15,-0.079104,0.172,0.1012,-0.089726,-0.075661,0.21914,0.28642,0.15062,-0.11438,0.006154,-0.17114,0.13676,0.053152,-0.073941,-0.13584,-0.045473,0.009084,-0.070669,-0.20751,0.024304,0.19085,-0.064705,0.16231,0.206,0.058244,-0.13682,0.032589,-0.029373,0.013655,-0.14849,-0.095829,0.12088,0.0082802,-0.0088902,0.089365,0.072799,-0.064655
-0.044904,-0.033278,0.12608,0.12916,-0.18411,0.080491,-0.19057,0.15423,0.036119,-0.026477,-0.0074235,-0.092412,-0.050025,-0.0055817,0.027589,0.051697,0.066873,-0.016027,-0.040195,0.069308,0.10459,-0.13752,-0.14085,0.16789,-0.029797,0.049574,-0.056816,-0.0018571,0.113,-0.017989,0.019674,0.21191,0.0018716,0.083592,0.14759,-0.33318,-0.054271,-0.022924,-0.029029,-0.28912,0.17316,0.22346,0.10236,0.12697,0.087808,-0.099947,-0.041951,-0.070149,0.020683,-0.19853,0.064845,0.19289,0.048629,-0.017349,-0.073281,-0.084761,-0.097386,-0.147,-0.028606,0.10253,-0.0042815,-0.17074,-0.092474,-0.062114,-0.055761,-0.0663,0.018681,0.019829,-0.059066,0.15357,-0.058827
-0.015667,0.026578,0.056821,0.14262,-0.13794,-0.14454,-0.091792,-0.10269,0.049262,0.0205,-0.11459,-0.31665,-0.14504,0.050406,0.11143,0.082922,-0.0056501,-0.06084,-0.05642,-0.011297,0.007866,-0.064884,0.024356,0.0092465,-0.096298,0.050407,-0.1868,0.1845,-0.14094,0.19237,0.11312,0.017537,-0.21249,0.22366,0.17502,0.1106,0.24679,0.043943,-0.13882,-0.10406,-0.16721,-0.13327,0.15262,-0.10622,0.10077,0.082701,0.17291,0.069552,-0.0099093,-0.094151,0.022585,-0.069975,-0.13637,0.11983,-0.0061104,-0.06677,0.045532,0.081208,0.039171,-0.043588,-0.027627,0.15414,0.13131,0.10712,-0.074497,0.156,-0.052713,0.07797,0.084169,-0.037973,0.068495
-0.0064764,0.041582,0.046146,0.12393,-0.052525,-0.12558,-0.07833,-0.23823,-0.023033,-0.021261,-0.028112,-0.1995,-0.11456,0.042522,-0.017302,0.0653,0.10246,0.11908,-0.10419,-0.06329,0.06223,-0.081196,0.10434,0.044504,-0.046149,0.020108,-0.039586,-0.13225,-0.088291,-0.062112,-0.24445,-0.36804,0.22121,-0.069979,0.035704,-0.18013,0.12109,0.27047,0.099607,0.0088944,-0.012215,0.10827,-0.22626,0.0051672,-0.059836,0.28935,-0.056869,-0.064445,-0.061092,0.022314,-0.050972,0.063241,0.20844,0.053548,0.033186,-0.078745,-0.013921,0.060143,-0.002626,-0.040667,0.13365,-0.005348,-0.085142,-0.063677,0.087469,-0.090835,0.03081,0.017873,-0.012732,-0.13462,0.0047337
0.01039,-0.00059981,0.070061,0.11496,-0.094212,-0.018382,-0.095151,-0.044033,0.0095037,-0.037702,-0.0050213,-0.14931,-0.10508,0.00032859,0.078438,0.069237,0.11592,-0.026303,-0.085492,-0.0074128,-0.0054052,-0.13308,0.080114,0.033726,-0.11102,0.058312,0.017754,-0.0014224,0.045736,0.021483,-0.12425,-0.14967,-0.03532,0.05755,-0.28149,0.053273,-0.2514,-0.047243,0.043708,0.27385,-0.054585,-0.25825,-0.01484,-0.13205,0.055038,-0.25478,-0.035196,-0.073338,0.16021,0.16265,-0.15821,0.048431,0.047197,-0.14492,7.0701e-005,-0.034484,-0.15899,0.081068,0.017304,-0.037862,-0.12264,-0.062578,0.11022,-0.0026367,-0.14645,-0.097379,-0.014037,-0.062026,0.080122,0.28048,-0.05687
-0.023679,-0.032749,0.10885,0.12473,-0.14624,0.03329,-0.099459,0.12295,-0.013982,0.0041133,0.0028493,-0.082353,-0.084606,-0.058368,0.033882,0.039023,0.028326,-0.023326,-0.00075524,0.096081,0.084677,-0.043735,-0.040838,0.10044,-0.12681,0.02112,-0.010466,0.051154,0.0083368,0.018333,0.049786,-0.063956,0.070954,-0.051926,-0.17757,0.051783,-0.17816,-0.035382,0.14421,0.052552,0.095168,-0.11539,-0.0084028,0.15113,-0.019111,-0.14118,-0.18202,0.20483,0.039311,0.13108,0.23167,-0.082114,-0.11745,0.0059189,-0.12183,0.26777,0.0077474,-0.14017,-0.080138,0.06256,0.040417,0.16817,-0.052293,0.15375,0.2251,0.03012,0.11343,-0.040343,-0.16297,-0.29331,0.082126
-0.023882,-0.049371,0.089793,0.0625,-0.04284,0.11434,-0.017264,-0.008923,0.010413,0.0035653,0.14224,0.18094,-0.19578,-0.0063882,0.015517,-0.0042195,-0.050456,0.063417,0.058157,-0.1987,-0.086903,0.16502,0.049132,0.057614,-0.1185,0.089829,0.056412,-0.032764,0.077671,0.043958,-0.10364,0.13441,-0.086678,-0.10147,0.074827,0.011677,0.056907,-0.03834,0.042359,0.073033,-0.011959,-0.056506,0.029659,-0.087013,0.082982,0.093685,-0.0073045,0.024288,-0.077302,-0.059451,0.038356,-0.004232,0.092847,0.059539,-0.029479,-0.06202,-0.039338,0.15255,-0.11591,0.04048,-0.016871,0.052649,0.023964,-0.16379,0.14649,0.11236,-0.043214,-0.32739,-0.080274,-0.066557,0.10719
-0.023978,-0.031108,0.066906,0.05303,-0.062417,-0.0068918,-0.010635,-0.061193,0.0045132,-0.038055,0.09035,0.05254,-0.15682,0.029499,-0.020303,-0.094792,-0.058444,0.0054426,0.18262,-0.075712,-0.093798,0.086747,-0.0029329,-0.15718,0.042163,0.023838,0.010746,0.0038331,0.054813,-0.014066,-0.081155,0.087488,0.033637,0.00082295,0.018175,0.02764,-0.01869,-0.05737,-0.046051,-0.017842,-0.023504,-0.021564,0.020794,-0.038312,-0.027368,-0.0039295,0.00058132,-0.036893,0.00022745,0.0053028,0.022823,-0.0020315,0.012115,0.021012,0.022108,0.039056,0.0069452,0.00031609,-0.024396,0.045706,0.0018131,-0.01917,-0.042223,0.014029,-0.027207,-0.055872,-0.026167,0.042887,-0.0079536,0.020046,-0.031097
-0.015609,-0.0065544,0.047442,0.05124,-0.044632,-0.1149,0.024864,-0.085416,-0.019576,-0.025584,0.060038,-0.048954,-0.074826,0.086653,-0.039333,-0.10445,-0.12627,-0.045536,0.21345,0.064374,-0.0050685,0.032452,-0.03438,-0.2129,0.16629,-0.012403,-0.047053,0.055194,0.0036905,-0.04755,-0.079056,0.014348,0.14184,0.083361,-0.0406,-0.041512,-0.089479,-0.019596,-0.059464,-0.045415,-0.043192,0.076789,-0.02007,0.11919,0.076625,0.024607,0.084828,-0.043117,0.016568,0.053624,-0.10014,-0.018664,-0.047693,-0.065902,-0.04562,-0.12996,0.091625,-0.11544,0.035245,-0.042936,-0.013781,0.040837,-0.076784,-0.080603,-0.031529,0.0092556,0.0063983,-0.089107,-0.18605,-0.082246,-0.051054
-0.014728,-0.030028,0.073899,0.052673,-0.055259,-0.010458,-0.010113,-0.07444,0.0013063,-0.050405,0.091594,0.065275,-0.16925,0.015091,-0.032042,-0.084199,-0.048649,-0.019881,0.17879,-0.087076,-0.10644,0.10576,0.022365,-0.1628,0.048586,0.036036,0.01273,-0.041252,0.032855,-0.010857,-0.074485,0.082085,0.036915,-0.0063617,0.037791,0.046978,-0.067218,-0.0047768,-0.0033951,-0.014267,-0.018499,-0.016866,0.011983,-0.014162,-0.045991,-0.005363,0.02762,-0.038955,0.030528,-0.022917,0.0070638,-0.026225,0.010403,0.01803,-0.00579,0.016849,0.024732,0.026999,0.001223,0.017869,0.011467,-0.0038505,-0.096256,0.012081,-0.014323,-0.010524,-0.0093963,0.039112,0.058799,0.06962,0.069051
-0.017232,-0.045149,0.06699,0.046876,-0.05481,-0.016585,-0.0066906,-0.082173,0.0011737,-0.071274,0.089934,0.075495,-0.18378,0.019042,-0.01407,-0.11408,-0.034007,0.016538,0.23356,-0.073857,-0.11169,0.086495,-0.004346,-0.20778,0.022683,0.021552,-0.029032,-0.033931,0.031037,0.0070953,-0.075211,0.087773,0.06744,-0.028641,0.078965,0.063128,-0.092189,-0.063018,-0.017742,-0.086035,-0.065794,-0.013495,0.0064666,-0.069782,-0.087688,-0.041294,-0.031961,-0.018377,0.016221,0.057733,0.069788,-0.041041,-0.0095849,0.016478,0.011948,0.077169,-0.06185,-0.047034,0.030432,-0.022049,0.009786,-0.020893,-0.0011398,0.065165,-0.061938,-0.02533,-0.033979,0.17482,0.10796,0.011928,-0.067538
0.039595,0.0089539,-0.10296,-0.048399,0.033809,-0.10581,-0.021407,-0.023596,-0.00896,-0.13168,-0.14173,-0.13558,0.13685,-0.10269,-0.082023,-0.011186,-0.0081315,-0.063048,-0.014381,0.22785,0.05601,-0.030079,-0.05932,-0.25326,0.032152,-0.11368,-0.020748,0.071716,-0.02789,-0.056083,0.016578,-0.038339,0.093382,0.042175,-0.030086,0.027606,-0.16485,-0.0050809,-0.022201,-0.047157,0.017063,0.042297,0.014616,0.033311,0.057729,0.016417,0.043587,-0.047814,0.0054423,-0.013393,-0.074847,-0.021312,0.0023489,0.022265,-0.045293,-0.024326,0.069639,-0.07121,-0.04668,-0.0063578,-0.018818,0.068474,-0.10033,-0.12058,-0.066628,0.10937,0.0092264,-0.11521,-0.047248,0.14537,0.20059
0.029745,0.0038681,-0.074438,-0.053132,0.056637,0.020152,-0.073694,-5.1145e-005,0.025035,-0.14807,-0.10465,0.0061504,0.01941,-0.16119,-0.071586,0.019091,0.054888,0.0053532,-0.10066,0.087365,-0.0080015,0.021978,0.0069602,-0.18907,-0.10559,-0.05637,0.003137,-0.051308,0.00024653,-0.0059266,0.021313,0.06379,-0.061973,-0.0087391,0.050236,0.058988,-0.055416,0.017424,-0.044792,-0.011666,-0.049173,0.044829,-0.0014015,0.058663,-0.053857,-0.0021645,-0.0185,0.0038264,-0.0072778,-0.024396,-0.012571,-0.012014,0.042758,-0.027757,-0.0065607,-0.015372,0.002701,0.035885,-0.035388,-0.014645,0.016113,-0.032263,-0.023047,0.002011,-0.021939,-0.032729,-0.017089,-0.075361,-0.046122,-0.026455,-0.0031114
0.013366,0.0076338,-0.0574,-0.034045,0.058979,0.13625,-0.098134,0.032256,0.022272,-0.12227,-0.021938,0.10437,0.0071761,-0.16477,-0.032542,0.10941,0.078342,0.092435,-0.18221,-0.05195,-0.04964,0.087432,0.02081,-0.004086,-0.22454,-0.053213,0.05389,-0.088652,0.011166,-0.0627,0.032933,0.078328,-0.13923,-0.17654,0.11815,-0.0087106,0.08298,-0.001679,0.044363,0.060437,-0.020934,-0.046709,0.056956,-0.083486,0.072529,0.08267,0.057569,-0.0094615,-0.087572,0.023565,0.03624,-0.014633,0.080503,-0.029809,-0.054115,0.018235,-0.10568,0.092941,0.014995,0.13312,-0.059338,0.063179,0.03229,-0.10376,0.084665,0.016745,-0.0068665,0.12852,-0.10796,0.082735,0.024638
0.020118,0.0013128,-0.08704,-0.048519,0.043459,0.021385,-0.077616,-0.008617,0.013023,-0.16113,-0.10231,-0.0050847,0.038767,-0.15655,-0.058663,0.041602,0.047112,0.0016581,-0.088557,0.087098,0.010784,0.025931,-0.022936,-0.1899,-0.12467,-0.03798,-0.033433,-0.034044,0.026489,-0.034332,0.0060564,0.054208,-0.020543,-0.028391,0.05385,0.049778,-0.0085426,-0.012455,-0.028139,-0.016125,-0.022607,0.02087,-0.032246,0.0229,-0.048892,0.015704,-0.013972,0.021845,-0.018086,-0.026055,0.011623,-0.0038177,0.078099,-0.0087291,0.026397,0.015022,-0.025497,0.0077602,-0.0037897,0.0024952,0.019871,-0.0041611,-0.061459,0.02868,-0.013089,0.0093639,-0.0090662,-0.045265,0.058467,-0.091972,-0.06462
0.032527,-0.011068,-0.08357,-0.041279,0.038707,0.019983,-0.086389,-0.027792,0.016453,-0.17554,-0.11041,0.0078503,0.0056524,-0.17609,-0.071996,0.044251,0.054445,0.0095812,-0.076286,0.12299,0.0075418,0.035107,-0.0062045,-0.25977,-0.11782,-0.0099727,-0.0091188,-0.071048,0.01614,-0.011901,0.010014,0.070827,-0.027294,-0.003396,0.059535,0.085239,-0.044432,0.040823,-0.024067,-0.0080318,-0.040154,0.013604,-0.0098782,0.0036068,-0.095423,-0.017857,-0.036116,0.069965,0.058808,-0.0065094,0.054776,0.030464,0.017524,-0.030831,0.065665,0.07942,-0.045508,0.00013795,-0.021411,-0.076616,0.024878,-0.037927,0.022675,0.10508,-0.044337,0.019158,-0.034351,-0.0054916,0.068778,-0.10588,-0.12322
-0.017077,0.050416,0.024938,0.0093972,-0.040713,-0.034524,0.0026381,-0.066867,0.0031262,-0.060252,-0.016744,-0.025027,0.020006,0.060218,0.0039354,-0.022429,-0.12727,-0.015529,-0.013025,0.066335,0.010934,0.028914,0.031175,-0.012333,0.080419,-0.10323,-0.022376,0.0026397,0.043451,0.017865,0.019985,0.10197,-0.071486,-0.147,-0.080097,-0.13026,0.13722,-0.0002616,0.040532,0.040385,0.089403,0.026399,0.19265,-0.019113,-0.0033042,0.055445,-0.082804,0.12002,0.039586,0.10488,-0.16446,0.082524,0.1493,-0.16354,0.027605,0.20347,0.072786,-0.019637,0.10466,0.01785,0.0076513,-0.038214,0.087343,-0.027252,0.12637,0.021212,-0.015944,0.080416,0.10057,-0.0851,0.17506
-0.023183,0.070092,0.02966,0.0045095,-0.031017,-0.063555,0.034231,-0.11237,0.0069443,-0.03825,-0.025098,-0.019587,0.05217,0.071105,-0.036008,-0.034785,-0.16721,0.0074585,-0.010355,0.18491,0.027068,0.033529,0.15851,0.071769,0.060934,-0.071747,-0.086409,0.015003,0.037508,-0.021644,0.032271,0.083358,-0.0064162,-0.10627,-0.013102,-0.10322,0.16888,-0.10552,0.012545,0.01715,0.045005,0.037086,0.10395,-0.013869,-0.022889,0.0023323,-0.0077535,0.12467,-0.012132,0.1243,-0.20553,0.013007,0.11903,-0.19745,0.11245,0.17126,0.040583,-0.033586,-0.0017689,0.037088,-0.047158,-0.035307,0.13534,0.0048304,-0.01089,-0.010429,0.0082768,0.10341,-0.031274,-0.022106,0.023394
-0.046611,0.059279,0.040805,0.026576,0.045166,0.035886,0.021434,-0.029779,0.086554,-0.029513,-0.0036673,0.0084552,0.045036,0.16458,0.016691,-0.067658,-0.26324,-0.20144,-0.13077,0.090636,-0.03846,-0.063689,0.17733,0.040697,-0.10255,-0.035897,0.053179,0.051598,0.0015629,-0.18365,-0.0065688,0.098779,-0.045877,-0.12739,0.10573,0.0067865,0.012817,0.018981,0.040726,0.081985,0.026117,-0.0114,-0.025663,0.036171,0.0085632,0.0050156,0.077831,-0.11536,-5.4228e-006,-0.040769,-0.040904,-0.073171,-0.062254,0.074144,0.061042,-0.060498,-0.046181,-0.052698,0.039808,-0.062408,-0.00054621,0.014012,0.088291,0.074099,0.11547,-0.10055,0.089502,-0.15524,0.033217,-0.0064684,-0.19058
-0.041188,0.079372,0.075361,-0.0024067,-0.016084,-0.064949,0.082394,-0.095803,-0.029118,-0.17208,0.10804,0.00094214,0.086373,0.015921,-0.055795,-0.19908,-0.020285,-0.18302,-0.10715,-0.0096644,0.014927,-0.043563,0.29054,0.13434,-0.037787,-0.073744,0.018782,-0.041003,0.05447,-0.057604,0.062468,-0.0024454,-0.021408,0.026688,-0.049131,0.0037035,-0.1251,-0.018159,-0.033232,0.062175,-0.079354,0.06999,-0.05582,0.082044,-0.045745,-0.058076,-0.0075556,-0.016887,-0.037809,-0.19018,-0.011832,-0.069035,-0.10986,0.011741,-0.01841,-0.10368,-0.018489,-0.14073,0.072128,0.10705,0.046759,-0.017249,0.063857,0.1453,0.23675,0.10778,-0.10294,0.067796,0.031343,0.061325,0.038529
-0.047678,0.14362,0.027196,-0.010039,0.0038524,0.00018805,0.011231,-0.012793,-0.000114,-0.018805,0.023468,0.0031049,0.047997,0.019327,0.07301,0.036,-0.063049,-0.066115,-0.076226,-0.057034,-0.037891,0.046789,0.039086,0.099163,0.111,-0.10762,-0.054365,-0.016126,0.03347,-0.068959,0.06919,-0.023318,-0.0060784,0.068596,-0.029267,-0.0067239,-0.034516,-0.039965,0.0029425,-0.021591,-0.063645,-0.038545,-0.018186,0.030316,-0.039143,0.03885,-0.034155,0.031277,-0.043785,-0.069657,0.080209,-0.069216,-0.011121,-0.036144,0.00092063,-0.015059,0.061823,-0.048775,-0.03168,-0.04931,0.018542,0.069899,-0.028784,0.033932,-0.035491,-0.030436,-0.12293,-0.030841,-0.0033333,-0.0086001,-0.1282
-0.018333,0.098989,-0.033828,-0.003537,0.016085,0.035727,-0.081655,0.038845,0.053886,0.09323,-0.058811,0.0094511,0.0046996,-0.036012,0.17275,0.26917,-0.12612,0.12085,0.046699,-0.058091,-0.052302,0.10718,-0.19885,-0.0025362,0.16095,-0.12984,-0.1244,0.096067,0.018266,0.033421,0.018051,-0.024783,-0.0024858,0.021451,0.024654,-0.042328,-0.0013807,-0.11852,0.064004,0.046184,0.034349,-0.050545,0.034262,-0.048287,0.036332,0.077443,0.031295,-0.032932,-0.013182,-0.076851,-0.053911,-0.18528,0.21555,-0.10751,0.14189,0.0923,-0.019681,-0.089167,0.071933,0.04195,-0.0064256,0.022107,0.045605,0.084692,0.028464,-0.060619,0.038284,-0.19926,-0.024666,0.060297,-0.13421
-0.0082824,0.093869,-0.014976,-0.024267,-0.019451,-0.019963,-0.039203,-0.0075204,-0.043243,0.0043886,0.020404,0.024781,0.020592,-0.15068,0.039588,0.16063,0.1266,0.14244,0.05499,-0.14331,-0.03103,0.14501,-0.1377,0.01436,0.23622,-0.082954,-0.10747,-0.0032793,-0.016087,0.047754,0.033709,-0.13581,0.05883,0.035507,-0.022062,-0.051314,0.00115,-0.058706,0.013085,0.057334,-0.053019,0.054725,0.041339,-0.098372,0.046114,-0.012324,-0.040662,-0.015025,-0.065565,0.056472,-0.071786,0.093872,-0.067231,-0.05666,-0.039124,0.017056,0.026057,-0.12575,-0.02592,0.020714,0.0019226,-0.046081,-0.00042292,0.19214,0.15333,0.10764,-0.078056,0.030717,0.097371,0.16269,-0.052416
-0.02214,0.070909,-0.00037461,-0.016659,0.044927,0.078317,-0.026874,0.053735,0.0055839,-0.012966,0.016862,0.035127,0.0041955,-0.034483,0.082426,0.095111,0.036327,-0.015604,-0.11158,-0.19932,-0.062192,0.075349,-0.13455,-0.028684,0.056033,-0.090536,0.038124,-0.031063,-0.045571,-0.042701,-0.022296,-0.071099,0.018439,-0.093129,0.034118,-0.042645,-0.043621,-0.015762,0.0081451,-0.059868,-0.083931,-0.031666,0.062621,-0.052097,-0.02242,-0.13313,0.010091,-0.07365,-0.027349,-0.0063625,-0.078913,0.042027,-0.27249,0.1604,-0.069481,-0.06349,-0.068737,-0.092843,0.057174,-0.0066526,0.086389,0.031102,0.16246,-0.11845,0.1427,-0.069838,-0.022944,0.09204,-0.042352,-0.042997,0.12516
-0.017889,0.044013,-0.013972,-0.016054,0.039949,0.057087,-0.0033095,0.0083048,-0.0038065,-0.026462,0.018273,0.037642,-0.0098933,-0.038039,-0.044612,0.049307,0.02542,0.030674,-0.0599,-0.047119,-0.0085504,0.059674,-0.0029914,0.0037062,-0.0052201,-0.090897,0.022788,-0.015785,-0.04458,-0.071748,-0.049683,-0.099431,0.039287,-0.012783,0.024285,-0.038041,-0.038337,-0.032379,-0.0039346,-0.096223,-0.14631,0.037222,-0.048051,-0.04158,-0.057945,-0.12313,0.078883,-0.071874,-0.056148,-0.038298,-0.053255,-0.037531,-0.26313,0.12574,0.021085,-0.13508,-0.048542,-0.1068,-0.017773,0.087947,-0.044379,-0.05169,0.20435,-0.076464,-0.075836,-0.15596,0.10419,0.16022,-0.14542,-0.13794,-0.003316
-0.036198,0.12952,0.074671,-0.012607,0.018674,-0.015693,0.020257,-0.016638,0.069282,-0.073131,0.033429,-0.0019035,0.071545,-0.011252,0.041948,-0.070624,-0.13717,-0.14939,-0.12203,-0.054631,-0.04402,-0.0084282,0.11616,0.10487,0.0079134,-0.085502,-0.00048759,-0.01654,0.096815,-0.098077,0.030368,0.0022871,0.022611,-0.033019,0.082783,-0.023945,0.0024177,-0.077082,0.068267,-0.050118,0.048486,-0.1073,-0.072528,-0.089148,0.054653,0.034174,0.018684,0.039051,-0.04262,0.010957,0.014378,-0.058726,-0.0070034,-0.0098108,0.04557,-0.0076042,-0.038696,0.0067846,-0.054603,0.024265,0.005441,-0.021545,-0.11404,0.00052339,-0.13091,-0.093587,0.012862,0.023026,0.081025,0.17654,-0.076949
-0.055355,0.14067,-0.029588,-0.0025322,-0.0078245,0.016535,-0.0073942,-0.018859,-0.051839,0.0072493,-0.027671,0.0012887,0.01332,-0.013444,0.053107,0.12316,-0.024092,0.028525,-0.015001,-0.062222,-0.067277,0.12809,-0.030038,0.064496,0.18923,-0.10832,-0.086129,-0.038618,-0.026627,0.0032906,0.092871,-0.022894,-0.024114,0.080173,-0.12911,-0.00019009,-0.062644,0.013227,-0.13675,0.058606,-0.11458,0.1256,-0.056221,0.088494,-0.067193,-0.044244,-0.081902,-0.059973,0.029092,-0.023363,0.012749,0.044102,0.0089906,0.070582,-0.0090409,-0.056359,0.048773,-0.047332,0.061012,-0.024027,0.060991,-0.026763,0.049016,0.063058,0.15722,0.036303,0.011415,-0.090644,0.10093,-0.12102,-0.052348
-0.018356,-0.00056378,0.091049,0.047094,0.022031,0.046283,0.0037278,-0.15016,0.11733,0.038727,0.047461,0.18489,0.010289,0.10412,-0.042462,-0.1202,0.019227,0.13469,-0.22082,-0.024355,0.0255,-0.031409,-0.23047,0.088839,-0.15215,-0.10561,-0.060721,-0.0074094,0.0012984,0.047653,-0.016188,-0.090597,-0.028919,-0.0088459,0.10546,0.26477,-0.19563,0.023941,0.042788,-0.035686,0.071958,0.067718,0.046375,0.13315,0.34217,0.06783,0.10394,-0.20669,-0.029686,0.16949,-0.074802,-0.096477,0.092032,0.010943,-0.037104,0.0026404,0.2198,-0.011009,0.11242,0.08889,-0.042101,-0.030967,-0.19608,0.14027,0.029272,0.11358,0.015274,0.12645,0.040342,0.0039373,-0.030538
-0.026154,0.054683,0.048809,0.021364,-0.046073,0.014494,0.042633,-0.10549,0.067935,0.079271,-0.024614,0.1305,0.047598,0.12231,-0.043944,-0.035449,0.032663,-0.016945,-0.058378,0.081036,0.046036,-0.085606,-0.15304,-0.050394,0.021335,-0.054405,0.0078627,-0.020036,-0.024708,0.061657,0.03234,-0.014108,0.046996,0.035622,-0.029283,-0.046448,0.030407,0.0092684,0.035676,0.10385,-0.0097131,-0.076915,0.18938,-0.047123,-0.046052,-0.024732,0.046727,0.15252,-0.10811,-0.075298,-0.087088,-0.072894,-0.032869,0.072948,-0.033626,0.013281,-0.10056,0.0019874,-0.10784,-0.10185,-0.192,-0.078369,-0.17512,-0.052869,-0.086463,0.030711,0.023842,0.099426,-0.14681,-0.22623,-0.12281
-0.033381,0.10548,0.046946,0.0018798,-0.022809,-0.012488,0.033358,-0.045528,0.0028314,0.041565,0.023916,0.090483,0.088829,0.030064,-0.030663,-0.029491,0.032662,-0.012423,-0.025212,0.028556,0.024647,-0.054844,-0.10264,-0.040136,0.019244,0.0061439,0.042628,-0.027837,0.043952,0.059658,0.034662,-0.031833,0.051069,0.025657,-0.031516,-0.012984,0.096045,0.03106,0.012908,0.051631,-0.059587,-0.051539,0.069416,-0.078799,-0.08764,0.00013758,-0.049446,0.10257,-0.084535,-0.093738,-0.092708,-0.025282,-0.097968,0.028009,-0.012422,-0.069876,-0.18442,0.056735,-0.047472,-0.1708,-0.30398,-0.086678,-0.23626,0.045969,0.079124,0.082083,0.12507,-0.064508,-0.06875,-0.069489,0.10806
-0.030803,0.11939,0.032941,-0.0031173,0.0054435,-0.024456,-0.001815,-0.01947,-0.0085793,0.055373,0.014291,0.047728,0.071032,-0.01,-0.01276,-0.0027183,0.019146,0.0063722,0.019556,0.011354,-0.018803,-0.045419,-0.016224,-0.030723,-0.017391,0.069097,0.051167,0.0076994,0.054476,0.060334,0.02959,-0.038503,0.021827,0.056855,-0.021183,0.023811,0.031788,0.021393,-0.0023674,0.0038534,-0.034401,0.026074,0.043623,0.0058854,0.0030688,0.039667,0.01096,-0.034112,0.018285,-0.039241,0.043836,0.076611,-0.0775,-0.060113,0.030228,0.039288,-0.078492,0.095954,-0.063178,-0.064305,-0.072933,-0.088705,-0.054112,0.020429,0.080872,-0.017701,0.010684,0.0027282,0.010363,0.041456,0.094505
-0.023987,0.11336,0.012622,-0.0012537,0.037223,-0.027278,-0.039495,-0.011916,-0.03706,0.077471,0.010579,0.030451,0.043177,-0.040371,0.020156,0.041691,0.0059172,0.052264,0.071213,0.0091703,-0.046584,-0.071662,0.030206,-0.0002101,-0.0172,0.10586,0.052348,0.017196,0.078954,-0.0090421,-0.028643,-0.034525,-0.019594,0.082337,-0.015809,0.082259,-0.021226,-0.014369,0.040072,-0.046805,-0.024037,0.054139,0.050893,0.13006,0.071194,0.04539,0.17637,-0.059872,0.14517,-0.049931,0.10688,0.033768,-0.051773,-0.17028,0.03298,0.18855,0.025271,0.13598,-0.11632,-0.055848,0.1321,-0.074499,0.08913,-0.1653,0.074911,-0.15386,-0.071134,0.17071,0.038921,-0.02448,-0.031435
-0.015665,0.086213,-0.015994,-0.024304,0.056214,-0.03225,-0.040444,0.059102,-0.068814,0.064252,-0.010473,-0.029959,0.043797,-0.078592,0.070222,0.083121,-0.01148,0.0061428,0.10731,0.042504,-0.058347,-0.068434,0.038311,0.054088,0.013172,0.088969,0.082895,0.011217,0.072418,-0.080582,-0.071118,-0.066523,-0.026471,-0.0082007,0.037519,0.065485,-0.018409,-0.023532,0.057383,-0.071415,-0.048227,0.02496,0.065496,0.17214,0.14201,-0.03086,0.22746,0.0050289,0.14213,0.04309,0.047155,-0.062199,-0.027313,-0.082415,-0.01047,0.087702,0.10655,0.1097,-0.088239,-0.01398,0.030713,0.018445,0.083325,-0.17718,0.036496,-0.057578,0.020629,0.11594,0.0095262,-0.13156,-0.11522
0.0095727,0.050231,-0.074675,-0.040635,-0.0080729,-0.06892,-0.024887,0.08604,-0.14585,0.023091,-0.020302,-0.10608,0.10401,-0.10256,-0.016519,0.18855,0.042386,-0.089596,0.26067,0.0010891,-0.0015053,-0.030425,0.18779,0.024504,0.068662,0.16311,0.047942,0.0049127,0.036167,-0.20932,-0.043266,0.0080019,-0.035299,-0.023158,0.10612,-0.1291,-0.053148,0.023383,0.13495,0.20496,-0.041069,0.021922,0.15126,-0.019192,0.053701,0.0038585,0.10918,0.073043,-0.099178,0.072229,-0.026347,0.0216,-0.023974,0.14587,-0.10955,-0.11754,0.1265,0.12244,-0.0063473,0.31586,-0.19489,0.078222,-0.23275,0.11033,-0.053147,-0.05122,-0.0089754,-0.0076337,0.14353,-0.088663,-0.11649
-0.028757,0.042452,-0.034239,-0.018882,0.028497,-0.065399,-0.043325,0.12398,-0.079068,0.059638,-0.0010582,-0.013714,-0.0034407,-0.071486,0.025819,0.074751,-0.010052,-0.034818,0.10454,0.0037209,-0.0033729,-0.015214,0.10166,0.036134,-0.056029,0.13833,0.081322,0.019323,0.030931,0.057562,-0.023562,0.013276,-0.0070696,-0.034695,0.078015,0.038797,0.008953,0.034376,0.015545,0.074631,0.046825,-0.0020007,0.049778,0.041123,0.015629,-0.019959,-0.085704,-0.087038,-0.090206,0.069571,-0.065986,-0.064792,0.10357,0.15714,-0.013498,0.001354,0.080097,-0.13424,0.12505,0.07445,0.03931,0.043322,-0.050088,0.10381,-0.093954,0.094904,0.016008,0.044128,-0.12746,0.069246,0.20763
-0.040056,0.054307,0.0048661,-0.0090931,0.022057,-0.044773,-0.021564,0.079533,-0.03856,0.078648,-0.011648,0.016791,-0.01141,-0.051311,0.022367,0.00084935,0.022347,-0.019718,0.055791,-0.0058593,-0.004112,0.0065582,0.051102,-0.0042751,-0.072692,0.09897,0.059307,-0.02222,-0.012979,0.090142,-0.0072728,0.051353,0.016182,-0.037842,0.038038,0.050822,0.066693,0.040159,-0.017233,-0.032299,0.048825,0.02159,-0.017613,0.060393,-0.04048,-0.038804,-0.10731,-0.052152,-0.074192,0.046122,-0.10071,-0.099035,0.086413,0.11239,-0.0036361,0.043804,0.041393,-0.17565,0.12244,0.0066948,0.11755,0.062257,0.042121,0.039242,-0.13409,0.043579,0.023247,0.019558,-0.081499,0.11201,0.16308
-0.026873,0.10269,0.029687,0.00036314,-0.0050249,-0.020269,0.018964,-0.02099,-0.016579,0.073639,0.012163,0.037511,0.05817,-0.01536,-0.027603,-0.0097969,0.039536,0.030646,0.021378,0.01297,-0.0066529,-0.037877,0.0038666,-0.057873,-0.030578,0.098291,0.014387,0.025267,0.0056772,0.032604,0.031801,0.010902,0.0034451,0.025947,-0.010647,-0.0089124,0.055239,0.046839,-0.04232,-0.029003,0.023177,0.021633,-0.048075,-0.027005,-0.0074274,0.047576,-0.051046,-0.070606,0.06636,-0.010268,0.051851,0.060319,-0.049603,-0.055369,0.078263,0.037104,-0.035547,0.026214,-0.024579,0.0010727,0.0047696,0.055841,-0.03894,0.020406,0.040309,-0.032537,0.036685,-0.029913,-0.037907,0.080852,0.057123
-0.0011707,0.048864,0.047116,0.014396,-0.05915,0.031324,0.06203,-0.086488,0.020394,0.067162,-0.039697,0.034465,0.073373,0.052692,-0.025755,-0.062198,0.042725,0.050887,-0.011497,0.07085,0.058006,-0.042715,-0.075906,-0.076441,0.019903,0.0079949,0.11118,0.028848,-0.0057244,-0.022376,-0.049793,0.031407,-0.016977,0.037733,-0.042996,-0.073032,0.036657,0.035414,0.0049691,-0.0038699,-0.0088856,-0.0046512,-0.041904,-0.10636,-0.1558,-0.043116,0.10195,0.092053,0.058692,0.073125,0.090924,0.16737,-0.065367,0.036052,0.019717,-0.057201,0.11674,-0.0081273,0.038121,0.27545,0.086396,-0.088212,0.20549,0.048604,-0.092233,0.020447,-0.03564,-0.25642,-0.0024811,-0.049584,0.11139
0.0045391,0.02746,0.050734,0.026918,-0.049,0.071769,0.06011,-0.12422,0.073499,0.050629,-0.034587,0.052221,0.069146,0.09126,-0.0051098,-0.10393,0.035542,0.083549,-0.091456,0.036493,0.05289,-0.038805,-0.15473,-0.038924,-0.018097,-0.019137,0.049583,-0.0052722,-0.010712,-0.014876,-0.074406,-0.0045231,-0.048837,0.022529,0.035444,0.00099997,-0.016061,0.048027,0.036687,0.016442,0.02974,0.034982,-0.0117,-0.07711,-0.1004,-0.02331,0.11624,0.06713,-0.0041307,0.1549,0.087191,0.14609,-0.035379,0.011969,0.0088905,-0.027845,0.20039,0.021614,-0.025937,0.25029,0.075715,-0.076303,0.17444,0.088751,-0.15169,0.019651,-0.015119,-0.19648,-0.011227,-0.035207,0.0022276
-0.010651,0.036061,0.05214,0.0042377,-0.023413,-0.0093209,0.027617,-0.064906,-0.011179,0.082407,-0.0026423,0.047923,0.06749,0.0076357,-0.038016,-0.036483,0.05194,0.046516,-0.010949,0.031423,0.057011,-0.0063752,-0.094583,-0.038337,-0.0071141,-0.0037626,0.066954,-0.045592,-0.026687,0.075789,-0.012717,0.032806,0.027404,0.013973,0.0083046,0.0085297,0.031549,0.034629,-0.0091333,0.063056,0.10588,-0.051465,0.030076,0.076167,-0.072441,-0.12815,-0.061857,0.14732,-0.00070345,-0.10293,-0.067279,-0.088706,0.1535,0.17109,-0.15035,-0.028321,-0.0012742,0.0072915,0.055918,0.024087,0.092423,0.19413,0.097426,-0.16473,-0.052828,-0.097002,-0.016228,0.082522,0.097266,0.098112,-0.13439
-0.029835,0.11088,0.028744,-0.00075903,0.0015076,-0.022418,0.010402,-0.021592,-0.015774,0.06396,0.013617,0.045471,0.061806,-0.014196,-0.02425,-0.014975,0.028154,0.014866,0.017162,0.019578,-0.0056995,-0.041867,0.0032312,-0.055439,-0.029803,0.086384,0.039372,0.020683,0.030896,0.054004,0.027493,0.0041771,0.021863,0.05217,-0.0072492,0.013004,0.049124,0.019786,-0.041854,-0.0028941,0.0098264,0.01701,-0.018906,-0.013445,0.0038692,0.036768,-0.015083,-0.057486,0.03724,-0.0431,0.040149,0.068855,-0.04848,-0.04758,0.050975,0.024366,-0.057947,0.049235,-0.027572,-0.036301,-0.010634,-0.0096787,-0.028636,0.021376,0.044335,-0.023112,0.032785,-0.018723,-0.039948,0.084635,0.064862
-0.017099,0.075231,-0.0068623,-0.023417,0.012102,-0.020676,-0.019228,0.094138,-0.072466,0.037425,-0.025133,0.012909,-0.0030937,-0.040414,0.036066,0.028057,0.012365,-0.051851,0.066249,-0.0022937,-0.018316,-0.019973,0.077307,0.040074,-0.080509,0.11722,0.10906,0.0071931,-0.00034032,0.095221,-0.050719,-0.023053,0.012236,-0.047771,0.0025768,0.067309,0.0098742,0.006051,0.00099069,-0.12594,0.019959,0.045707,-0.041869,0.013127,0.018523,0.018926,-0.036898,0.042744,-0.064922,0.11679,-0.036759,-0.091597,0.078382,0.0062212,-0.017643,-0.076846,-0.085314,-0.1018,0.081384,-0.16712,0.04688,-0.16303,0.12178,0.031897,-0.028958,0.12925,-0.028712,-0.064776,-0.050033,-0.048128,-0.06776
-0.014811,0.074764,-0.0047963,-0.024719,0.0095996,-0.016061,-0.0085537,0.10148,-0.064207,0.03682,-0.034211,-0.00061894,-0.0017405,-0.044122,0.041969,0.024261,0.0067458,-0.064233,0.069839,0.0051394,-0.030545,-0.025664,0.067082,0.019718,-0.082197,0.1255,0.096189,0.01226,-0.015397,0.11196,-0.033727,-0.0035919,0.021947,-0.034134,0.015207,0.067142,0.019176,-0.0098872,0.011018,-0.12675,0.028394,0.042618,-0.076548,0.046483,0.014188,-0.0021647,-0.026586,0.037694,-0.090285,0.14189,-0.061893,-0.12549,0.063128,-0.012862,-0.025464,-0.12439,-0.07274,-0.063231,0.078389,-0.17891,0.048065,-0.23227,0.11819,0.020871,-0.0014341,0.11925,-0.063484,-0.068791,-0.040207,-0.057831,-0.076525
-0.031004,0.11368,0.030481,-0.00051683,0.004824,-0.022786,0.0059836,-0.017449,-0.013763,0.059988,0.015761,0.047608,0.063281,-0.012068,-0.019446,-0.0059478,0.023841,0.013936,0.016419,0.020116,-0.0092672,-0.044892,0.0031942,-0.041091,-0.023838,0.076914,0.049896,0.017341,0.039768,0.064506,0.02289,-0.0034475,0.025125,0.049146,-0.017332,0.012426,0.037133,0.023367,-0.036136,-0.004651,-0.001417,0.032953,0.0087518,-0.023454,0.00015746,0.031147,-0.013891,-0.064132,0.032304,-0.052777,0.032401,0.060849,-0.053964,-0.060537,0.049607,0.02773,-0.072788,0.055134,-0.050933,-0.055684,-0.0092557,-0.037903,-0.019095,0.027696,0.056358,-0.037279,0.025228,-0.0084882,-0.025591,0.070936,0.062338
-0.016267,0.03876,0.050745,0.0074071,-0.01858,-0.011858,0.020369,-0.057334,-0.0047062,0.087519,0.0075085,0.060218,0.068716,0.020368,-0.021629,-0.025271,0.031361,0.044416,-0.0080379,0.019785,0.058242,-0.027549,-0.090338,-0.028935,0.012632,-0.024123,0.096066,-0.052903,-0.028193,0.080642,-0.012441,-0.0065059,0.040494,-0.011924,-0.03104,0.022757,0.0044351,0.043602,-0.023703,0.066938,0.074103,-0.019654,0.086316,0.02103,-0.053492,-0.11506,-0.063183,0.12758,0.0076522,-0.14798,-0.07597,-0.10511,0.14835,0.19319,-0.17592,-0.014142,-0.024547,0.0012572,0.0017011,-0.01649,0.087983,0.19472,0.090362,-0.15685,-0.070084,-0.10146,-0.035825,0.070295,0.18142,0.059269,-0.14332
-0.03023,0.11256,0.030109,0.00023629,0.0017177,-0.022636,0.0066116,-0.020185,-0.017271,0.059954,0.012894,0.046265,0.064784,-0.012445,-0.020386,-0.011783,0.023295,0.011814,0.014385,0.022158,-0.010429,-0.045007,0.0048398,-0.053194,-0.020394,0.081204,0.046831,0.016839,0.034633,0.061225,0.029516,0.00024454,0.0164,0.050821,-0.010284,0.0044692,0.042892,0.0249,-0.041914,0.0037362,0.0016847,0.02458,-0.010003,-0.022256,0.0092875,0.036791,-0.018037,-0.058011,0.040846,-0.044791,0.033357,0.063876,-0.048962,-0.061847,0.042182,0.02406,-0.067588,0.056109,-0.042039,-0.047873,-0.013011,-0.03106,-0.031692,0.022007,0.051401,-0.028998,0.032923,-0.015688,-0.031492,0.079841,0.0679
-0.079272,0.20761,0.025167,-0.012881,0.021771,0.022975,0.031016,0.021013,0.01351,-0.052114,-0.004118,-0.021745,0.063422,0.007497,0.094969,0.045387,-0.12517,-0.11444,-0.14597,-0.14857,-0.13748,0.10814,0.057622,0.11334,0.15085,-0.1177,-0.0088462,-0.038635,0.090117,-0.034612,0.12246,-0.024798,-0.038866,0.032068,0.0071564,0.057158,-0.015743,-0.018819,-0.0013882,-0.22299,-0.017911,-0.091193,-0.1725,-0.015125,-0.036881,-0.055805,-0.15937,0.093558,0.10096,0.17479,0.16963,0.17455,0.10023,0.020937,-0.1453,-0.01365,0.050982,0.18992,-0.021212,-0.075579,0.044799,0.043341,-0.19734,-0.17393,-0.3432,0.096144,0.070268,0.0064618,-0.015564,-0.081529,0.14534
-0.10208,0.021344,-0.13369,0.17519,-0.083988,-0.086497,0.076565,0.08623,0.041938,0.13814,-0.17347,0.078506,0.091007,0.023616,0.24433,-0.25833,0.14966,0.084199,0.19243,0.052539,-0.089837,0.060502,0.0052676,0.04299,-0.25018,-0.27215,0.22656,-0.043359,-0.08545,-0.16755,-0.00014428,-0.050057,-0.043837,0.12617,-0.088362,-0.061446,0.16217,-0.29436,0.12593,0.00029268,-0.1649,-0.032063,0.069321,0.10478,-0.060734,0.19414,-0.072702,-0.12679,0.08152,-0.010333,-0.047593,0.044437,0.025313,-0.038567,-0.13016,-0.08154,-0.041954,-0.053762,-0.062828,0.028323,0.06133,0.059381,-0.049164,0.03805,-0.02752,0.099517,0.040516,0.025061,-0.018115,0.045084,-0.060283
-0.067628,0.041245,-0.095435,0.12103,-0.010995,-0.071595,0.023755,0.036252,0.03707,0.15923,-0.12892,0.17155,0.025529,0.0033859,0.14268,-0.15815,0.1302,-0.043236,-0.051846,-0.076478,0.27496,0.20406,0.064665,-0.083077,0.051904,0.16666,-0.032895,0.0010863,0.086227,-0.32888,-0.043702,-0.060028,-0.049546,0.098795,-0.070418,0.065135,-0.052874,0.032551,-0.062237,-0.037137,0.013171,0.11127,-0.086305,-0.05505,0.33066,-0.17421,0.021714,0.28321,-0.14562,-0.096601,-0.0034908,0.089213,0.077866,0.12583,0.29525,0.098883,-0.022296,0.028192,0.13058,-0.096024,-0.019394,0.0094462,0.019891,-0.010661,0.019208,-0.00047448,-0.089123,0.0055715,0.033573,-0.015793,0.089419
-0.031658,0.02732,-0.065376,0.067193,-0.001408,-0.058972,0.028095,0.051224,0.019945,0.13517,-0.20066,0.16804,0.023395,-0.052682,0.12208,-0.05788,-0.021949,-0.16794,-0.10573,-0.12691,0.45965,0.14578,0.0061568,-0.0052508,0.13111,0.18044,-0.19334,0.068365,0.16031,0.091179,-0.072961,0.08601,-0.023881,-0.17924,0.031215,0.035039,0.033937,0.16047,-0.001862,0.072471,-0.044557,-0.023962,0.00093184,0.014087,-0.25034,0.075977,0.049238,-0.2466,0.082053,0.04025,-0.035595,-0.16699,-0.098519,-0.17684,-0.2705,0.016479,-0.0089769,0.023745,-0.11459,0.059807,0.064852,-0.029665,-0.022838,0.027023,-0.069485,-0.0022173,0.032775,0.022374,-0.014017,-0.0078929,-0.058325
0.0072487,0.02989,-0.079243,-0.035082,0.028838,0.011418,-0.10108,0.022717,-0.17693,0.052595,-0.0088141,0.15295,0.013744,0.014068,-0.028699,0.13118,-0.10156,-0.12234,-0.016371,-0.046743,0.18788,-0.031693,0.027383,0.07317,-0.09068,-0.2024,0.13281,-0.079922,-0.062829,0.30375,-0.054355,0.10048,0.32598,0.10513,0.015488,0.075012,0.016559,-0.077495,0.01949,0.068106,0.018466,-0.018061,0.0073655,0.090327,0.027421,0.11347,0.1439,0.066618,0.15165,0.12098,0.1168,0.061841,-0.13563,0.033766,0.26225,-0.033684,-0.15155,-0.045953,0.10802,0.1362,0.048996,0.04829,-0.12401,-0.013721,-0.059528,-0.00035502,-0.15129,-0.032092,0.21511,-0.032612,0.055891
-0.040664,0.0050571,-0.079667,-0.077174,-0.12337,-0.30118,0.054963,-0.026427,-0.065625,0.018834,-0.014142,0.26328,0.067578,0.091317,-0.11368,0.2372,0.20689,-0.16215,0.064441,0.035568,-0.10419,-0.1489,-0.048653,0.11473,0.01627,-0.11862,-0.1354,0.12677,-0.1496,0.0025178,-0.12836,0.13103,-0.15677,-0.16854,0.0079882,0.0362,-0.14158,-0.081042,0.00045836,-0.036437,-0.035431,-0.058808,-0.21795,0.0029,-0.076645,0.11836,0.11016,0.021492,0.072948,-0.068555,0.0014441,0.11265,0.097941,0.19935,-0.074053,0.15706,0.01492,0.011998,0.13575,-0.060303,-0.11067,-0.094076,0.013884,-0.02408,0.036247,-0.093589,0.0081172,-0.024694,-0.069957,0.091306,0.04266
-0.080277,-0.031141,-0.14658,-0.11101,-0.096317,-0.20483,0.022036,-0.067788,0.093852,0.052973,0.070842,0.15291,0.083107,0.090713,-0.05103,0.082386,0.13112,-0.029652,0.0056902,0.037354,-0.14281,-0.067253,-0.025851,0.026275,-0.01052,0.095297,-0.020145,0.1302,-0.15282,-0.068723,0.12836,-0.0794,0.035546,-0.093421,0.24732,-0.032137,-0.092529,0.01458,-0.017618,0.061749,-0.0093196,0.036544,0.089765,-0.0041934,0.0067043,-0.12858,-0.22655,0.0050886,-0.10459,0.060386,0.16812,-0.096345,0.067655,-0.33183,0.02846,-0.21546,-0.025756,-0.039041,-0.13375,-0.0069746,0.046843,0.0069149,0.11671,-0.077013,-0.049924,0.051984,-0.087762,0.053544,0.093615,-0.099153,0.11519
-0.050999,-0.012466,-0.16722,-0.18036,-0.11326,-0.039176,0.01363,-0.027847,0.22923,0.054453,0.17381,-0.017143,0.10906,-0.080194,0.12885,0.0306,-0.11215,0.040106,-0.0069667,-0.04463,-0.017145,-0.040049,0.051644,-0.036758,-0.076311,0.092021,-0.026354,-0.03818,-0.050261,-0.015892,-0.0057419,-0.062006,0.11472,0.079742,0.092405,0.12134,-0.10413,-0.015978,-0.0089829,0.063401,-0.0095806,0.072052,0.056479,0.011122,-0.0936,0.0086454,-0.034914,0.031841,-0.042026,0.0011788,0.065972,0.12258,-0.02241,-0.068378,0.041503,-0.048614,0.085292,-0.0031293,0.044117,-0.0094336,-0.11523,0.09773,0.12015,-0.014559,-0.02227,0.011322,0.050384,0.015563,-0.065367,-0.04184,-0.095703
-0.034521,0.0070168,-0.16264,-0.20707,-0.11328,0.028072,-0.0033697,-0.060133,0.22332,0.015435,0.20309,-0.10087,0.11574,-0.20028,0.15232,0.033444,-0.11787,0.14067,-0.0028777,-0.054146,0.057934,-0.10053,0.04023,-0.0016688,-0.070368,0.032388,-0.07482,-0.14395,-0.02744,-0.086681,-0.13332,0.12807,0.0087778,0.099286,-0.14359,0.023594,0.1571,0.024858,-0.039194,-0.034908,0.058279,0.061328,0.013421,-0.025708,-0.043321,0.028818,0.039814,0.0019796,0.054083,0.028695,-0.044713,-0.000843,-0.014311,0.10432,-0.13624,0.093292,0.058744,-0.12044,-0.022617,-0.064857,-0.10155,-0.074021,-0.0031731,0.020617,0.058948,0.020719,-0.17849,-0.011897,-0.082789,0.068936,0.01083
-0.076518,0.017387,-0.15158,-0.18841,-0.10023,0.030536,0.01694,0.04906,0.22387,0.0004638,0.17206,-0.1463,0.0091215,-0.089338,0.13237,-0.013042,-0.039378,0.059921,-0.031885,-0.029698,0.061594,-0.011444,0.045036,-0.09053,-0.023937,0.012105,0.024139,-0.074781,-0.0020972,0.092325,0.0052123,0.02643,-0.021773,-0.085971,-0.1811,-0.057678,-0.027815,-0.01238,0.024007,-0.073909,-0.0099714,-0.022706,-0.070831,0.014204,0.062352,-0.041159,0.091114,-0.020392,-0.00032061,-0.047984,-0.14586,-0.064622,-0.024797,0.073554,0.042782,0.0036134,-0.051519,0.080931,-0.045493,0.070623,0.14708,9.2551e-005,-0.194,-0.041547,-0.024875,0.040734,0.15038,-0.019737,0.12767,-0.029302,0.076925
-0.12662,0.026928,-0.15682,-0.10854,-0.069348,-0.1077,-0.0014353,0.066035,0.11919,-0.010899,0.083375,-0.1285,-0.18878,0.065834,-0.10899,-0.049175,0.14999,-0.0097569,-0.082384,0.11272,0.0022068,0.15477,-0.017325,-0.12217,0.16906,-0.074831,0.20707,0.064769,0.063069,0.056568,0.15216,-0.0031736,-0.038902,-0.11402,-0.03695,-0.16197,0.015834,0.087508,0.062013,0.052739,-0.11237,-0.060558,0.080602,0.10809,0.18532,0.036189,0.048698,-0.0097534,-0.027758,-0.0054316,0.10294,-0.087841,-0.052674,-0.0010482,-0.039086,0.020354,-0.1172,0.18126,0.24436,0.020469,0.2339,-0.08891,-0.0042535,0.1161,-0.057392,-0.065596,0.15724,0.0075867,-0.052945,0.00033642,-0.095825
-0.1024,0.037107,-0.11977,-0.078703,-0.06277,-0.17069,0.0025058,0.1944,0.042946,-0.014649,-0.021568,-0.082288,-0.25047,0.066901,-0.30109,0.046158,0.083034,-0.026059,-0.11975,0.09341,-6.3941e-005,0.21224,-0.031772,0.087655,0.041521,-0.11438,0.216,0.11624,0.27184,0.0077043,-0.14205,-0.10922,-0.13711,0.14472,0.080917,0.11253,0.098601,0.032495,0.040513,-0.060621,0.11108,-0.040253,-0.031773,-0.056077,-0.093993,-0.038682,-0.009147,-0.074495,0.068283,0.0075256,-0.18128,0.075227,-0.0059069,0.024761,0.11211,0.031742,0.034328,-0.15662,-0.21295,0.022869,-0.092057,0.073738,-0.033847,-0.073615,0.10591,0.04544,-0.14977,-0.052973,0.029482,-0.040593,-0.048328
0.0084575,0.023142,-0.10054,-0.032405,0.025968,0.031943,-0.055817,0.074545,-0.13658,-0.0017904,-0.0066909,0.043133,-0.13549,0.16357,-0.075512,0.043486,0.049452,-0.049869,-0.0002331,-0.078648,0.057029,-0.11184,0.01728,-0.12243,-0.20534,-0.019343,-0.26881,-0.1171,0.18666,-0.068631,0.13567,-0.11185,0.0067814,-0.015646,-0.089053,0.0062534,0.057882,-0.16119,0.066435,-0.21536,0.057182,0.023109,0.077621,-0.09467,-0.012756,0.12374,-0.085879,0.095346,-0.096261,0.15804,-0.11721,-0.014789,-0.18399,-0.072617,-0.074228,-0.090255,0.098472,-0.0072921,0.13556,-0.031979,-0.061641,0.12626,-0.057558,-0.02048,-0.058735,-0.27175,-0.21721,-0.086467,-0.074209,-0.0047159,-0.065335
-0.016146,0.0059338,-0.11345,0.074914,-0.004077,-0.03159,-0.084363,-0.0045533,0.025736,-0.048923,-0.19246,0.1477,-0.27103,-0.21545,-0.10883,-0.10837,-0.20963,0.0015711,-0.13318,-0.11626,0.03268,-0.28476,-0.078072,0.044163,0.18724,0.12426,0.0032773,-0.023817,-0.13946,-0.15219,0.036938,-0.0007383,0.00013007,-0.031687,-0.068082,-0.07949,-0.067696,-0.090771,0.06944,-0.058797,-0.12262,-0.076679,0.27347,0.13925,-0.12267,0.064416,-0.15346,-0.018387,0.15683,0.091361,0.02871,-0.031144,0.10929,0.24005,0.25875,-0.1323,0.079212,0.10776,-0.13059,-0.054011,-0.0054813,-0.047802,0.054203,0.07804,0.044034,0.039028,0.0060781,0.044733,-0.023822,0.087844,0.035534
-0.044165,-0.010667,-0.084387,0.11737,-0.044181,-0.074536,-0.0781,0.0012538,0.054006,-0.10753,-0.15837,0.14687,-0.19332,-0.28019,-0.12334,-0.1477,-0.23956,0.0031864,0.028387,-0.089497,-0.034383,-0.27563,-0.029808,0.059291,0.096668,-0.0067203,0.08048,0.076847,-0.11031,0.035361,-0.0034807,-0.14181,0.0066867,0.013299,0.019986,0.025751,0.092812,-0.082514,-0.085778,0.062974,0.011242,0.061475,-0.23186,-0.10608,0.12243,-0.064382,0.15324,0.087387,-0.24806,-0.11397,-0.0078016,0.11481,-0.048636,-0.23965,-0.29537,0.14487,-0.12963,-0.094238,0.094976,0.10181,0.020204,0.10551,-0.024536,-0.067817,-0.025929,0.0063706,0.032399,-0.06578,0.052766,-0.022229,-0.014344
-0.094842,-0.019831,-0.12626,0.15488,-0.092939,-0.091948,0.093651,0.049647,0.083712,-0.15167,-0.17496,-0.01918,0.0050293,-0.081148,0.14606,-0.082618,-0.017579,0.050002,0.28079,-0.093067,-0.10549,-0.078591,-0.071341,0.10552,-0.2058,-0.31314,-0.15752,-0.02356,0.25608,0.14447,0.043105,0.075888,0.099643,-0.13196,0.11573,-0.036379,0.014273,0.36624,-0.029533,0.13226,0.019256,0.0080073,-0.049443,0.0051787,0.042448,-0.23794,-0.064047,0.027097,0.063736,-0.015782,-0.027661,-0.0094626,-0.093177,0.037658,0.13217,-0.049225,0.17086,0.13813,-0.0078644,-0.076598,-0.020776,-0.093313,0.032865,-0.013238,0.033811,-0.098953,-0.012655,-0.016467,-0.019298,-0.011474,0.046008
-0.15818,-0.074181,0.065375,-0.11174,-0.17824,0.11612,-0.31786,0.03583,0.043329,-0.34018,-0.12831,0.12649,0.20581,0.24644,0.063962,-0.028026,0.060353,0.10015,0.020049,-0.12329,0.0082117,0.075773,0.22467,-0.12009,0.088642,0.014345,-0.034298,0.23816,-0.13305,0.065736,-0.23091,-0.15903,-0.015772,-0.01063,-0.073189,0.024851,0.11662,0.016004,-0.06225,-0.035174,0.14608,-0.14603,0.10141,0.17246,0.047649,0.0599,-0.097954,0.043826,-0.02133,-0.034815,0.13653,-0.059637,-0.12067,0.042838,0.013228,0.026108,0.081954,-0.042758,-0.017337,0.035305,-0.057503,-0.061283,-0.019376,-0.10793,0.0085813,-0.0017778,0.076494,-0.06581,0.020218,0.10758,-0.036803
-0.083134,-0.05884,0.087024,-0.13367,-0.062699,-0.061115,-0.12449,-0.2421,0.0011005,-0.088271,-0.081983,0.0018696,-0.066286,0.068228,0.024221,0.10283,-0.024968,0.080489,0.04641,-0.082272,0.11163,0.1556,-0.0087645,0.094667,-0.13619,0.037028,0.16467,0.13834,-0.065592,-0.092023,0.20454,0.12068,0.096256,0.00821,-0.077744,-0.043133,-0.052353,-0.14193,-0.085131,0.00058557,0.14221,0.13599,-0.062027,-0.054597,-0.13211,-0.095198,0.084303,-0.15575,-0.029913,0.094587,-0.17621,0.0029804,-0.0043397,-0.0016243,-0.041045,-0.0071293,-0.072826,0.14645,0.020052,-0.070949,-0.040819,0.12251,-0.013355,0.11988,-0.0097763,-0.076978,0.082005,0.10381,0.077162,-0.10111,0.20926
-0.049839,-0.065499,0.13842,-0.12607,-0.030011,-0.024993,0.066791,-0.15457,-0.019838,-0.022223,-0.0095922,-0.0087193,-0.19367,-0.026683,0.14521,0.15513,0.090655,-0.042063,-0.017171,0.056393,0.07319,0.0011078,-0.010886,0.074237,0.0032312,0.034515,0.13946,-0.023731,-0.040578,-0.15672,0.15396,0.094178,0.21178,-0.028877,0.043497,0.15187,0.065027,0.032787,-0.043086,-0.086472,0.0072713,-0.13184,-0.035712,-0.040934,0.1535,0.026851,-0.1146,0.020725,0.094217,-0.15,-0.081124,0.0042042,-0.056256,-0.013987,-0.062208,0.078196,0.11181,0.034912,-0.09838,0.11225,-0.037032,-0.13416,0.081414,0.049971,-0.057512,0.091935,-0.08965,-0.075412,-0.15537,0.026979,-0.14456
-0.056249,-0.090775,0.1637,-0.098191,-0.033431,0.096312,0.10872,0.03928,-0.024727,-0.0076648,0.05846,0.072778,-0.20042,0.0058152,0.28053,0.05554,0.15469,-0.035838,-0.13844,0.17765,0.032742,-0.23059,0.10486,-0.08202,0.096647,-0.083138,0.030508,0.071652,0.066885,0.0090672,-0.021571,0.10229,-0.0020791,0.21811,0.14633,0.025887,0.055253,-0.012063,-0.041973,0.10865,-0.26687,0.11229,-0.059818,-0.13081,-0.14836,-0.031198,-0.032892,0.030147,-0.18326,0.24889,0.050128,-0.11633,0.023809,0.017329,0.052238,0.10151,0.12706,-0.06526,0.017966,0.026407,0.088851,-0.082618,-0.17111,-0.22907,0.18412,-0.044575,0.099839,0.059787,0.037338,0.10541,-0.015696
-0.070546,-0.076265,0.13651,-0.12205,-0.057848,-0.0010753,0.080938,-0.024638,0.0027807,-0.096342,0.026065,0.016418,-0.069779,-0.002942,0.1191,0.04205,-0.056307,-0.13727,0.071948,0.1603,0.12424,0.020117,-0.14802,0.043304,0.034862,0.063924,0.0077647,-0.21778,-0.067562,0.0082467,-0.02406,-0.059739,-0.074989,0.036958,0.10116,0.043618,-0.018204,0.029838,0.18748,-0.062767,-0.12512,0.022223,0.017532,-0.005025,0.11772,0.0010052,-0.1884,-0.063329,0.15996,-0.088396,-0.021916,0.026041,0.037104,-0.014807,-0.017959,0.044218,-0.075646,-0.051849,0.1024,0.0045707,-0.12487,0.08646,0.027781,-0.089151,0.012606,-0.1032,0.10123,-0.11815,0.16276,-0.095708,0.07349
-0.090211,-0.075945,0.11669,-0.14638,-0.07801,-0.052041,-0.070967,-0.060392,0.016709,-0.17254,-0.016914,-0.012822,0.080682,0.056436,0.045047,0.0059041,-0.12091,-0.12075,0.10063,0.043585,0.1436,0.10464,-0.15763,0.063523,-0.054936,0.087334,0.07636,-0.16707,-0.046376,0.063777,-0.067643,-0.11268,-0.16308,0.083989,0.099793,-0.093073,-0.08112,-0.17591,-0.071311,0.026144,0.0026985,0.06064,-0.057266,-0.081293,-0.00093981,-0.0058952,-0.017634,-0.050632,0.025827,0.035985,-0.0091398,0.034298,0.039627,0.0089777,-0.00013515,-0.02731,-0.031264,0.1781,-0.04576,-0.051393,0.15109,-0.011025,0.014304,0.14125,0.019274,-0.10567,-0.19312,0.050808,-0.16216,-0.075795,-0.054961
-0.15019,-0.064484,0.096398,-0.12313,-0.13488,0.10899,-0.24224,0.22436,0.038998,0.11303,-0.13995,-0.13507,0.1784,0.18104,-0.17015,-0.17616,0.11585,0.11269,-0.05073,-0.11366,-0.19459,-0.23236,0.031656,0.0072871,0.2738,0.047045,-0.034886,-0.20015,0.11697,0.00060465,0.05043,0.21023,0.14444,-0.047947,0.054143,0.2352,-0.0067823,0.019,0.1172,0.056572,-0.14455,0.0693,-0.099884,-0.12209,0.062318,0.060263,0.022501,-0.0087696,0.081949,-0.033832,-0.1579,-0.020361,0.073019,-0.020042,-0.0061793,-0.011207,-0.088157,0.021731,-0.013745,0.051877,0.0098197,0.085577,0.085121,0.12439,-0.014701,-0.0013366,-0.052316,0.036872,-0.034699,-0.1248,0.060143
-0.099323,-0.033712,0.10991,-0.1554,-0.022479,-0.046037,-0.061887,-0.096153,-0.017754,0.23762,-0.089223,-0.11962,-0.027392,-0.011768,-0.16695,-0.017895,-0.046598,0.12382,0.01422,-0.18482,-0.0019547,0.034889,0.018539,0.076795,-0.17361,-0.0076538,0.0084546,0.14266,0.052628,-0.096608,0.21104,0.10746,0.025902,-0.012724,-0.080518,-0.070823,-0.10462,0.088848,-0.12738,-0.071804,-0.024363,-0.0022322,0.075123,0.075334,-0.13505,-0.04218,0.18819,0.037749,-0.065958,0.10537,0.10461,0.028191,0.097629,0.019067,0.029047,-0.044077,0.011684,-0.12677,0.043586,-0.079175,-0.045599,-0.008527,-0.086441,-0.14971,0.089475,-0.028591,0.15724,-0.10742,0.14084,0.043961,-0.082776
-0.068827,-0.032407,0.16153,-0.14065,-0.002657,-0.030459,0.10038,-0.10537,-0.080285,0.16663,0.026416,-0.0057166,-0.13891,-0.14158,-0.06342,0.043942,-0.019332,0.033066,-0.052195,-0.034326,-0.083147,0.041599,0.061051,-0.054222,-0.062629,-0.063499,-0.014865,0.086545,0.0027057,-0.11575,0.066346,-0.037449,0.17641,-0.12457,-0.15061,0.067668,0.015679,0.14177,0.068449,0.0089367,0.088478,-0.13572,0.0095523,0.072778,0.016406,0.11556,-0.034491,0.094449,0.023601,-0.17281,0.0023768,0.0089956,-0.093649,-0.06167,-0.014649,0.01055,0.024371,-0.058962,-0.029789,0.079686,0.019665,-0.13088,0.011725,0.0030912,-0.12895,0.076712,-0.14575,0.073133,-0.10382,0.075474,-0.066161
-0.057302,-0.04487,0.16252,-0.12737,0.0045885,0.082583,0.12497,0.057891,-0.041637,0.12638,0.06474,0.12914,-0.14302,-0.11919,0.15964,0.00913,0.051374,-0.022407,-0.13864,0.10009,-0.14288,-0.12297,0.13086,-0.1818,0.071345,-0.14848,-0.16657,0.1863,0.11667,0.072144,-0.1499,-0.061222,-0.09508,-0.024781,-0.071958,-0.09018,0.074947,-0.075796,0.041588,0.083086,0.2695,0.14823,0.03581,0.12612,0.04131,-0.10605,0.16102,-0.055949,0.036485,0.020226,0.057569,0.13269,0.10485,0.056646,-0.042174,-0.2294,-0.12077,0.10591,-0.096384,-0.12615,0.033799,0.21827,0.059403,0.22477,-0.050093,-0.0054399,-0.072444,0.014345,-0.061951,-0.10093,0.059255
-0.083583,-0.048303,0.16016,-0.14359,-0.028915,-0.0063654,0.10816,0.032385,-0.054386,0.12594,0.041877,-0.0023447,0.0024139,-0.13169,-0.048871,-0.032873,-0.15337,-0.088219,0.020968,0.070014,-0.02636,0.044547,-0.077452,-0.053287,-0.035648,-0.028114,-0.10362,-0.11624,-0.0018404,0.047878,-0.13127,-0.10811,-0.12475,-0.10672,0.042286,-0.077773,0.036722,0.10528,0.054412,-0.020842,-0.013366,-0.039777,0.042123,0.08701,0.090496,0.1147,-0.13488,-0.023076,0.0060054,-0.087757,0.011804,0.082555,-0.13399,-0.020929,0.040423,-0.032051,-0.040919,-0.074433,0.12683,0.065227,-0.14483,-0.031034,0.078638,-0.014961,-0.077476,0.066375,0.096023,0.043065,0.25927,-0.025095,0.091143
-0.10326,-0.057744,0.13894,-0.16858,-0.052665,-0.04032,-0.018877,0.05334,-0.034105,0.14901,-0.022022,-0.11131,0.11977,-0.023101,-0.19254,-0.1088,-0.17232,-0.074802,0.052343,-0.050995,-0.016496,0.0517,-0.13203,0.040648,-0.11979,0.001169,-0.063072,-0.14158,0.028549,0.09715,-0.070437,-0.20136,-0.22371,0.0037586,-0.0061739,-0.14561,-0.10332,-0.014275,-0.051947,0.082092,-0.12371,-0.061003,0.030055,-0.078426,-0.050311,-0.038281,0.10764,0.085416,-0.10412,0.10428,0.10194,-0.07398,0.013821,0.0045174,0.08103,0.085611,0.033819,-0.019656,-0.054135,-0.051152,0.12181,-0.030058,-0.057402,-0.056706,0.023195,0.10677,-0.044434,-0.0011687,-0.19638,0.15577,-0.066279
-0.097967,-0.002518,-0.081595,0.13584,0.01701,0.043552,0.034575,0.0099951,-0.062864,0.067311,0.1045,-0.067693,0.062652,0.00014583,-0.076287,-0.028934,-0.027822,0.043433,-0.069474,-0.044121,-0.030914,-0.012521,-0.028118,-0.034217,-0.053068,0.039851,0.036315,0.08887,-0.034324,0.025809,-0.049604,0.05184,0.0041099,0.031141,0.011801,0.01376,0.12487,-0.099902,-0.051586,-0.031691,0.011324,0.0010806,-0.011644,-0.039296,-0.047338,-0.040597,-0.19567,0.012774,-0.011165,-0.02703,0.046124,-0.021149,0.065343,0.00074229,-0.035373,0.058449,0.040148,0.10883,0.062507,0.053962,0.0055029,-0.049722,-0.045005,0.07358,0.024815,-0.093797,-0.011186,-0.06574,0.064491,-0.054401,-0.11157
-0.086196,0.0022631,-0.064602,0.14769,0.029187,-0.0097703,0.12528,0.056062,-0.064804,0.043656,0.12925,-0.17563,0.12685,-0.030925,-0.046943,-0.031825,-0.1072,-0.032348,-0.054369,0.025961,0.015032,-0.047915,-0.092732,-0.080621,0.0038109,-0.012454,-0.0043523,0.19983,-0.017929,-0.01154,-0.041674,-0.031291,0.14206,-0.050465,0.042204,0.08434,-0.0035739,-0.12333,-0.041828,-0.10708,0.077083,-0.037916,-0.016223,-0.077631,0.038065,-0.00088931,-0.10688,-0.09419,-0.052463,0.078547,0.0091123,-0.050281,0.004089,0.12974,-0.030416,0.07113,-0.056004,0.14783,-0.010461,0.11101,-0.044262,-0.077226,0.067537,-0.051849,0.13228,-0.027287,-0.037724,0.00060835,0.021813,-0.0057441,0.0033096
-0.060829,-0.0064394,-0.038691,0.13051,0.036836,0.036207,0.031622,-0.027294,-0.037056,0.013575,0.086908,0.0016305,0.018883,0.002966,-0.077288,0.026705,-0.00015064,-0.020969,-0.086558,-0.01477,-0.062969,-0.018342,0.046077,-0.020343,0.0061332,0.065448,0.049714,-0.05107,-0.096506,0.058344,-0.026384,0.024396,-0.060976,0.073594,0.0041983,0.0092632,-0.046784,0.047163,0.012568,-0.062271,0.051302,0.037998,0.044874,0.041688,-0.064152,-0.089872,0.015314,-0.0010282,0.14558,-0.10917,-0.083578,-0.069504,-0.044559,-0.046548,-0.090782,0.023121,0.14584,0.055773,0.10829,-0.14208,0.047662,0.032021,-0.08232,0.0061781,0.16808,0.015202,-0.14623,-0.10129,0.1404,-0.032174,0.012744
-0.0727,-0.0044858,-0.042038,0.13577,0.033565,0.073674,0.0084384,-0.013443,-0.084119,0.034465,0.162,0.014055,0.0081237,-0.06856,-0.13288,0.040527,0.035481,0.066331,-0.084803,-0.070898,-0.040231,0.010623,0.056912,0.032425,-0.035061,0.03275,0.03728,-0.0049113,-0.054103,0.031788,-0.061886,0.0012712,-0.12504,0.076146,-0.013,-0.051243,0.09125,-0.081748,-0.05799,0.028382,-0.014018,0.066538,-0.0065731,0.041544,-0.029904,-0.10033,-0.058995,0.076296,0.080077,-0.069066,-0.09333,-0.13131,-0.054143,-0.099008,0.010107,0.0063008,0.14478,0.018439,0.038352,0.024114,-0.0078631,-0.14925,-0.079447,0.079681,-0.12356,-0.14558,0.060382,-0.0097815,0.010866,-0.045731,0.082847
-0.087251,-0.0030539,-0.063055,0.14844,0.038579,0.041881,0.070064,0.021427,-0.064558,0.053224,0.15426,-0.080163,0.065334,-0.046526,-0.11695,-0.0010654,-0.03702,0.012824,-0.067773,-0.03119,-0.022209,-0.014897,-0.040203,-0.038423,-0.0040524,0.019211,-0.0059938,0.11917,-0.073746,0.024326,-0.032885,-0.026192,0.0003586,0.014321,0.032703,0.014022,0.033278,-0.057963,-0.032014,-0.020144,0.00059971,0.020564,-0.0035406,0.00764,0.036339,-0.055422,-0.096765,-0.066702,-0.014396,0.011318,-0.061543,-0.095392,-0.015406,-0.00044411,-0.0045851,0.012771,0.088968,0.094863,0.012305,0.078765,-0.026404,-0.088617,-0.00051866,0.0097146,-0.016262,-0.15804,0.071602,-0.060853,-0.023515,-0.02513,0.026393
-0.094047,-0.022969,-0.092929,0.14435,-0.0024063,0.06162,0.015888,-0.061008,-0.017668,-0.13032,0.095316,-0.030959,0.038821,0.077008,0.012445,0.074519,-0.0017725,0.026443,1.3299e-005,-0.028805,0.052366,-0.0071172,-0.087166,0.0087496,-0.033819,0.077509,-0.011573,0.0059479,0.11858,0.0059806,-0.019379,0.059586,0.041598,-0.077731,9.9129e-005,0.011042,0.07439,-0.0053989,0.033771,0.049736,-0.030679,-0.023247,-0.015424,-0.0049849,-0.071262,0.0096011,0.061871,0.084092,-0.015737,0.017257,0.14728,0.15096,0.087262,0.030724,0.069246,-0.06605,-0.14744,-0.16195,0.047611,-0.089383,0.017398,0.0058793,-0.0023161,0.032687,0.02159,0.08771,-0.021831,0.14447,0.089584,-0.084744,-0.26224
-0.080553,-0.021689,-0.067287,0.16758,0.0060619,-0.0058123,0.11169,0.00071205,-0.033153,-0.11717,0.13064,-0.16583,0.11284,0.053242,0.04634,0.039776,-0.065236,-0.065457,0.022545,0.049188,0.079664,-0.023749,-0.13058,-0.037689,0.040782,0.026192,-0.040781,0.11583,0.086983,-0.021761,0.0034087,0.037463,0.13292,-0.14612,-0.016489,0.06969,-0.061847,-0.070432,0.024443,-0.01117,0.0045287,-0.039772,0.0060908,-0.035381,0.034344,0.081639,0.078324,-0.056987,-0.086974,0.069643,0.06204,0.096818,0.082892,0.11398,0.010204,0.0038705,-0.16381,0.027716,-0.10726,0.021134,0.0044947,0.083975,0.087011,-0.098777,0.055176,0.1522,-0.073337,0.051501,-0.054825,0.078195,0.038914
-0.057943,-0.015958,-0.044147,0.15129,0.013952,0.025946,0.028776,-0.061648,-0.0096579,-0.079129,0.085813,-0.0012718,-0.0040966,0.067649,-0.027277,0.078641,0.040276,-0.040468,-0.031239,-0.024056,-0.041297,0.0072267,0.01558,-0.0093715,0.047352,0.048719,0.024668,-0.12117,-0.036558,-0.021039,0.049676,0.073218,-0.088603,0.014129,-0.068957,0.025098,-0.076992,0.12667,0.05085,0.031608,-0.046717,0.019663,0.052524,0.081996,-0.03431,0.047669,0.098038,0.033839,0.1214,-0.044299,-0.014699,0.012287,0.019127,-0.086232,-0.13277,-0.053311,0.1469,-0.070233,0.017829,-0.12174,0.060564,0.21454,-0.057314,-0.13304,0.016511,0.14106,-0.091362,-0.099729,-0.068774,0.044342,0.057672
-0.069468,-0.021725,-0.049777,0.16201,0.005392,0.076019,0.00047902,-0.076481,-0.054223,-0.11959,0.16576,0.040589,-0.026376,0.010839,-0.060013,0.11316,0.089953,0.05307,-0.032085,-0.037561,0.023249,0.026451,0.0070467,0.058029,-0.010298,0.068001,0.0033699,-0.085835,0.041131,-0.011,-0.015902,0.055509,-0.12634,0.003482,-0.049992,-0.021685,0.034653,0.0004832,0.04052,0.11832,-0.091077,0.055993,-0.0067805,0.063822,0.0073059,0.032058,0.10728,0.099695,0.055466,-0.047166,0.014954,0.0062416,-0.0075087,-0.13867,0.081339,-0.045761,0.026461,-0.22839,-0.031615,-0.062502,-0.0077448,-0.02285,-0.0090322,0.086236,-0.25481,0.03001,0.11731,0.081737,-0.036713,0.038846,0.076715
-0.080949,-0.024683,-0.068071,0.16651,0.014484,0.042077,0.055557,-0.04677,-0.027783,-0.10787,0.16007,-0.057438,0.04273,0.057502,-0.0029254,0.068225,0.024846,0.0039601,-0.0027935,-0.00086523,0.052685,-0.0012968,-0.078453,-0.0090743,0.030049,0.055426,-0.032014,0.040507,0.042551,-0.0071673,0.033535,0.035595,-0.015729,-0.084835,-0.031246,0.017372,-0.019493,-0.011697,0.035918,0.073979,-0.08722,-6.1265e-006,-0.0061903,0.03438,0.024222,0.040031,0.095214,-0.015298,-0.037445,0.015352,-0.0066835,0.026283,0.016138,-0.0033273,0.063883,-0.048631,-0.055792,-0.10354,-0.057395,-0.013492,-0.00070893,0.03223,0.021925,-0.023313,-0.08591,0.03932,0.068584,0.0029804,-0.097748,0.047269,0.050627
-0.040953,0.00024913,-0.056838,0.13034,0.019051,-0.011714,0.061279,0.039486,0.021963,0.02439,-0.014772,0.028317,-0.0028222,-0.015744,0.082815,-0.037339,0.06032,0.0099654,-0.025221,0.02188,-0.095964,0.037623,0.11654,-0.0037308,0.086677,-0.0010842,0.046872,-0.16415,-0.15693,0.066148,0.047805,0.0093674,-0.036639,0.10962,0.071101,-0.093971,-0.20783,0.15457,0.037588,-0.14891,0.27309,-0.11278,0.088157,-0.13353,-0.078862,0.082281,0.10852,0.0031779,-0.038703,0.071725,-0.020577,-0.035825,-0.055882,-0.024436,0.028906,0.068882,-0.072352,-0.0047089,-0.024095,0.027166,-0.073962,0.0064384,0.028797,0.032623,0.049976,-0.035801,0.050273,0.012587,-0.01153,-0.048644,-0.029495
0.050873,-0.0089778,0.014705,0.090589,0.06425,-0.03582,-0.048108,-0.066749,0.11026,0.080179,-0.049535,0.10425,0.0065956,-0.013034,-0.10026,0.055691,-0.084516,0.29611,0.023222,0.34817,0.013113,0.11615,0.18098,0.14975,0.078289,0.058022,-0.11667,-0.099873,0.028322,0.093226,-0.022649,0.0075713,0.068627,-0.10386,-0.018713,0.0082407,0.03349,-0.11309,-0.008826,-0.056372,-0.1186,-0.08552,0.038531,0.018143,0.1098,-0.080968,0.012897,-0.035931,-0.017412,0.09227,-0.041963,0.030034,-0.15449,0.10692,-0.038403,-0.060087,0.00093774,-0.0265,-0.042222,-0.050623,0.028268,0.060092,0.049351,-0.19801,0.027482,-0.078779,-0.023886,0.038822,-0.030367,0.071084,0.1089
0.093165,0.0046159,0.032146,0.0798,0.17561,0.078062,-0.11218,0.096494,0.22753,0.14016,-0.099938,0.0085417,-0.017713,0.20127,0.0010441,0.19254,-0.19038,0.0029504,0.017409,0.093416,-0.077546,-0.018664,-0.057847,-0.11402,-0.025302,0.056731,0.12624,0.044825,-0.085391,-0.17372,-0.10634,0.028481,-0.0034234,-0.097373,0.085585,-0.027635,0.056816,0.10193,0.083124,0.078531,0.047233,-0.054871,-0.0375,-0.11453,0.0022702,-0.10047,-0.052385,-0.0044584,0.030909,0.086461,0.01065,0.23148,-0.17662,0.019937,-0.14735,-0.0047777,0.097774,-0.067508,0.089854,-0.21748,0.13028,-0.097523,-0.15353,0.14839,0.045596,0.096632,-0.026903,0.12128,0.10346,0.084203,-0.026067
0.081551,0.0053093,0.070563,0.058552,0.13903,0.030162,-0.043062,0.071603,0.14239,0.048647,-0.021258,0.011636,-0.02207,0.049422,-0.044237,0.093984,-0.043803,-0.10895,0.042845,-0.060656,-0.04699,0.030981,-0.010459,-0.048572,-0.032406,-0.037343,0.048054,-0.025728,-0.10003,-0.0096406,-0.042579,0.045185,-0.016636,0.038415,-0.01412,0.0049319,0.044354,0.072085,-0.09115,-0.0089251,-0.025138,0.11441,-0.055955,0.12767,0.095262,-0.015328,-0.044024,0.040853,0.01034,0.19358,-0.15424,0.073696,-0.034777,-0.003321,-0.012469,0.0084346,-0.05842,0.052212,-0.084128,0.0080474,-0.15428,0.036945,0.11332,-0.048165,-0.036217,0.059039,0.16362,-0.069872,-0.021784,-0.023128,-0.13933
0.12742,0.0063703,0.15957,0.045547,0.12392,-0.053971,0.0052309,0.020968,0.16636,-0.056503,0.07173,0.0085018,0.034511,-0.06776,-0.066012,-0.013841,0.1428,-0.06842,0.050587,-0.092159,0.019905,0.021207,0.033501,0.066895,0.033103,-0.010784,-0.016934,0.014704,-0.069832,0.046598,0.039818,0.03782,-0.022637,0.008105,-0.029904,-0.023196,0.058028,0.044197,-0.0053434,0.027226,-0.029005,0.10481,0.052074,0.089355,0.0037523,0.066242,-0.044208,0.06166,-0.049875,0.15863,-0.059767,0.03093,-0.063019,0.025268,0.12947,0.027234,-0.033284,-0.0017353,-0.030538,0.13619,0.017397,0.062728,0.012864,-0.04991,-0.029316,-0.050741,-0.0013816,0.063933,-0.091376,0.012002,0.025931
0.077917,0.018797,0.07555,0.059719,0.13458,0.020726,-0.03487,0.051236,0.15598,0.014849,0.001132,-0.00086945,-0.025428,0.060414,-0.0075151,0.10246,-0.013458,-0.093517,0.074955,-0.058591,-0.023997,-0.022531,-0.0102,-0.044642,-0.033987,-0.042699,-0.011514,-0.027606,0.0030053,-0.011235,0.029567,0.0011214,-0.075865,0.091966,-0.13341,0.055099,-0.029317,0.071948,-0.10009,-0.016683,-0.070377,0.1272,-0.09762,0.1837,0.012347,0.070844,-0.025434,0.007754,-0.014043,0.024067,-0.052849,-0.078604,0.058924,-0.043943,0.013978,0.0068567,-0.1131,0.033872,-0.077624,0.10856,-0.15292,0.010146,0.14935,-0.022719,0.0044821,0.061757,0.14444,-0.11818,0.021408,-0.031688,-0.057395
0.074612,0.013826,0.031844,0.069664,0.15723,0.066129,-0.086322,0.072023,0.21652,0.086366,-0.066665,-3.4373e-005,-0.038578,0.17713,0.079591,0.20762,-0.15738,-0.026211,0.054433,0.055341,-0.067029,-0.075609,-0.081573,-0.062361,-0.075958,-0.038391,0.037508,0.053266,0.10717,-0.10008,-0.053622,-0.067067,0.0098923,0.081112,-0.076676,-0.048143,-0.11492,0.024695,-0.03687,0.031403,-0.025363,-0.045931,-0.075879,0.018611,-0.15872,0.087707,0.018012,0.067659,-0.05529,-0.30535,0.054301,-0.26479,0.088726,-0.065306,0.10198,-0.017225,-0.056147,0.035473,0.05884,0.1858,0.074955,-0.01176,-0.047338,0.0034521,-0.026716,-0.071138,-0.17661,0.10494,-0.066367,-0.017586,0.28104
0.034191,0.012939,0.012277,0.091205,0.031643,-0.049365,-0.019898,-0.054786,0.12508,0.050245,-0.0351,0.069015,-0.027395,-0.019422,-0.086841,0.040025,-0.06164,0.24908,0.045573,0.31817,-0.00015998,0.13651,0.22416,0.1293,0.036704,0.044458,-0.16216,-0.08883,0.07972,0.16421,0.055891,-0.0043828,0.0044161,0.0097737,-0.048563,0.080239,-0.076655,-0.07281,-0.062892,-0.067885,-0.097028,-0.0012486,-0.10351,-0.023652,-0.027362,-0.028922,-0.066006,-0.025228,-0.071818,-0.060139,0.1916,-0.0009368,0.069391,0.10908,-0.063376,-0.11075,-0.047991,0.065382,-0.010937,0.094746,-0.047981,-0.065534,-0.061327,0.13194,-0.029849,-0.010227,-0.026261,-0.087964,0.021236,-0.013368,-0.11689
-0.040516,0.00032486,-0.05612,0.12971,0.0057393,-0.024951,0.060214,0.019017,0.041888,0.0066218,-0.016527,0.025377,-0.012899,-0.028363,0.10147,-0.038923,0.064372,0.0094015,-0.012365,0.022895,-0.1078,0.035428,0.12915,-0.016132,0.1012,-0.0049905,0.036508,-0.17815,-0.12984,0.060243,0.072375,0.0058022,-0.01498,0.11114,0.082045,-0.096133,-0.23696,0.14009,0.022185,-0.12957,0.30079,-0.11281,0.07121,-0.1418,-0.072586,0.12112,0.12617,-0.0067348,-0.064141,0.070705,-0.021352,-0.05324,-0.020817,-0.024996,0.032074,0.082845,-0.084309,-0.021775,0.0093151,0.027212,-0.029909,-0.0061823,0.042705,0.017398,0.021102,-0.0082619,0.021846,0.0041669,-0.033497,0.013245,-0.025935
0.12937,0.018486,0.15264,0.039479,0.11099,-0.077252,0.012246,0.026387,0.14605,-0.049807,0.035951,-0.02725,0.058817,-0.043671,-0.083208,-0.017536,0.11212,-0.098028,0.036537,-0.099582,0.017633,0.019127,0.039087,-0.006849,0.028444,-0.052375,0.0026254,0.0052646,-0.036373,0.079083,0.037837,0.0010073,0.012125,0.023763,-0.024492,-0.022105,0.050067,0.0079605,-0.05393,0.023713,0.019698,0.065332,0.070207,0.03741,-0.025961,-0.020564,-0.1078,0.027476,-0.009669,0.042008,-0.016323,0.073603,0.034279,0.019482,-0.056873,0.053763,-0.029532,0.058978,-0.0177,0.057542,0.035291,-0.017938,-0.035785,0.011206,-0.0080725,0.046381,-0.14346,0.094848,-0.0021665,0.022044,-0.054716
0.1335,0.010351,0.15531,0.040686,0.11185,-0.083505,0.0084511,0.015084,0.16222,-0.056926,0.043347,-0.02337,0.05325,-0.029826,-0.07612,-0.021493,0.13199,-0.092526,0.054117,-0.088083,0.029323,-0.014056,0.034908,-0.025593,0.030866,-0.037661,-0.027205,-0.0098759,0.0073323,0.042057,0.060855,-0.034419,-0.0079227,0.026815,-0.043487,0.013544,0.025491,0.001704,-0.063057,0.022674,0.012964,0.065459,0.084395,0.055633,-0.029705,-0.012823,-0.095263,-0.023999,-0.034837,0.0048986,0.003978,0.052535,0.036517,0.043846,-0.056449,0.063208,-0.03882,0.094431,-0.0048695,0.070472,0.023918,-0.0242,-0.014098,0.0047361,0.029502,0.06147,-0.15179,0.054529,0.023289,0.060776,-0.076473
0.019552,0.030792,-0.080618,-0.030485,0.04732,0.041467,-0.08142,0.016268,-0.18243,0.057479,0.013641,0.057532,-0.028649,0.10735,-0.053454,0.062553,-0.0858,-0.088929,-0.0089775,-0.014183,0.092579,0.013021,0.12421,-0.087412,-0.027998,-0.11184,0.033157,-0.14789,-0.1086,0.091303,0.036231,-0.026316,0.15157,0.031018,0.076757,-0.079344,0.056186,-0.011555,-0.061176,0.069148,0.026853,0.040384,-0.0089201,-0.18484,0.11839,-0.16162,0.0040985,-0.026382,0.089018,-0.11964,0.035873,0.022079,0.1104,0.0095564,0.027698,-0.012715,0.11906,0.011279,-0.14034,0.027207,0.042401,0.066435,0.055289,0.048798,0.043114,0.12733,0.19628,0.012916,-0.15575,0.12321,-0.039047
0.085103,0.018289,0.0025255,-0.03852,0.073613,-0.052015,-0.095722,0.024995,-0.17295,-0.012401,0.034224,0.0078655,0.001349,0.038886,0.062455,-0.03256,-0.037443,0.028542,-0.019848,0.041432,0.0091803,0.025643,-0.029657,0.014898,0.020814,-0.030839,0.003873,-0.0060966,-0.08313,0.0088475,-0.045521,0.049296,0.045488,-0.043484,0.015524,-0.059138,0.02885,0.013577,-0.02784,0.0014015,-0.035433,0.0085773,0.033217,-0.035856,-0.013772,-0.11576,0.028306,0.12368,0.043721,-0.055907,-0.063225,-0.035318,0.024813,-0.056363,-0.0019495,-0.070817,0.062585,0.068678,-0.043318,-0.026756,0.012282,0.050676,-0.017638,-0.049333,0.041115,0.069898,0.014445,0.00034096,-0.13907,-0.06324,-0.068896
0.11046,0.021921,0.050356,-0.038974,0.10925,-0.11624,-0.10673,0.021649,-0.1388,-0.050388,0.05756,-0.033634,0.025748,-0.032063,0.13578,-0.13403,-0.0051625,0.10373,-0.048237,0.044798,-0.03939,0.039973,-0.096191,0.078826,0.029455,0.011754,0.024455,0.069788,-0.025717,-0.028088,-0.078633,0.024672,0.0033191,-0.039226,0.05309,0.025188,-0.028439,0.041268,0.0043165,-0.071534,0.0026072,0.0033507,-0.055313,-0.014282,-0.057911,-0.045629,0.021091,0.12475,0.045492,-0.0057659,-0.059446,-0.027551,-0.013357,-0.09986,0.046346,-0.10191,0.0096189,0.043019,0.057069,0.041194,-0.021773,0.072638,-0.057002,0.016349,0.030256,0.028898,0.0071464,0.0053517,-0.035753,0.066107,-0.060347
0.11103,0.020742,0.051787,-0.041281,0.10955,-0.095202,-0.10369,0.04863,-0.13401,-0.057955,0.053163,-0.033588,0.019656,-0.028116,0.15572,-0.13471,-0.007332,0.099928,-0.054711,0.06687,-0.044918,0.022652,-0.10167,0.072495,0.015474,0.019514,0.040526,0.067796,0.0038204,0.0066191,-0.090732,0.011743,-0.011805,-0.095277,-0.00052055,0.032778,0.014488,0.027597,-0.012528,-0.068847,-0.017007,-0.0089995,-0.0087952,-0.070665,-0.076701,-0.020052,-0.0018911,0.099072,0.080398,-0.0099749,-0.026312,-0.039337,-0.049992,-0.045912,0.028816,-0.073476,-0.037917,0.018689,0.071108,0.034427,-0.035535,-0.014072,-0.046984,0.046241,-0.024488,0.03869,0.067726,0.028282,-0.015165,0.037467,-0.011034
0.11083,0.018538,0.055968,-0.037589,0.11518,-0.12028,-0.10248,0.01883,-0.13538,-0.055275,0.065563,-0.024948,0.017157,-0.020712,0.13684,-0.13632,0.018955,0.10276,-0.034627,0.050757,-0.044719,0.020685,-0.12252,0.063007,0.0056091,0.039082,0.0025345,0.066896,0.027678,-0.034525,-0.067296,0.0064943,-0.028729,-0.052361,0.0053325,0.04218,-0.027264,0.040185,0.0067764,-0.094178,0.0090802,0.0029158,-0.031938,0.00060364,-0.067882,0.011939,0.036854,0.12,0.047544,-0.0073615,-0.0367,-0.042364,-0.019203,-0.086293,0.0030938,-0.098752,-0.026478,0.035269,0.050204,0.052235,-0.033144,0.0319,-0.022275,-0.010285,0.053904,0.046047,0.040224,0.016834,0.038284,0.057395,-0.03101
0.086508,0.021719,0.0058627,-0.032891,0.083048,-0.064183,-0.10051,0.025848,-0.15939,-0.051691,0.041052,-0.0038561,-0.017565,0.03833,0.074407,-0.061989,-0.0002126,0.0452,-0.0002949,0.027427,-0.030389,-0.0014608,-0.040531,-0.024067,-0.033241,0.024407,-0.051468,-0.015913,0.076778,-0.021767,0.020104,-0.021762,-0.06588,-0.036724,-0.077739,0.003685,-0.04759,0.016549,-0.036102,-0.04234,-0.0074266,0.043812,0.0073585,-0.024934,-0.043168,0.021811,0.032386,0.01151,0.011879,-0.010646,0.022312,0.010415,0.01609,-0.003248,-0.059292,-0.087532,-0.015179,0.095015,0.048283,0.075926,-0.056937,-0.042605,0.029359,0.021472,0.13806,0.090698,0.052233,-0.0031151,0.089605,-0.012805,0.051173
0.026199,0.026572,-0.077167,-0.019068,0.036624,0.026826,-0.074256,0.016561,-0.16642,0.0095852,0.0012883,0.041266,-0.063448,0.15857,-0.037798,0.035581,-0.0025452,-0.05236,0.035921,-0.011286,0.053772,-0.064947,0.062361,-0.15338,-0.06558,-0.060216,-0.078792,-0.16414,0.1378,-0.024783,0.14095,-0.1293,-0.0051567,0.040521,-0.10089,-0.04359,0.011905,-0.048781,-0.010762,-0.021882,0.040065,-0.011456,0.041368,-0.11935,0.044969,-0.0074603,0.018097,-0.056593,0.022543,-0.080369,0.11991,0.047394,0.1099,0.045664,-0.19156,0.035745,0.12015,0.066596,-0.016049,0.071794,-0.035888,-0.17144,0.15739,-0.034864,0.10879,0.19632,0.19516,0.14631,0.073044,0.026024,0.041642
0.079482,0.026499,-0.02581,-0.012832,-0.079527,0.1559,0.095707,-0.025272,-0.049893,-0.0012288,-0.10317,-0.030359,-0.035985,0.025533,-0.018877,-0.0070528,0.011532,-0.029961,0.047067,0.0065713,-0.01709,-0.0075945,-0.01348,-0.04023,-0.017547,0.0056989,0.0022991,-0.015311,0.060146,0.061279,-0.0054276,-0.042805,0.012922,0.058783,-0.070033,0.031998,0.012557,-0.031484,-0.0084678,-0.097917,0.041849,0.04651,-0.057212,0.0065223,-0.032211,0.056108,-0.014988,0.019944,-0.02844,0.058068,0.0031493,-0.093949,0.046152,0.0028442,0.0099036,0.003501,-0.0236,-0.069265,0.07249,-0.0202,0.015043,-0.0019963,0.14014,-0.012513,-0.081236,0.015047,0.091596,0.08425,0.063026,0.018103,-0.0072332
0.1309,0.034127,0.0010699,-0.011453,-0.14558,0.2467,0.17426,-0.071139,-0.015704,-0.020039,-0.17688,-0.06095,0.020801,-0.029638,-0.039149,0.023972,0.037862,-0.017788,0.055872,0.012501,-0.038688,0.0023274,0.00079373,0.018382,0.012508,0.046124,0.05659,0.044591,0.040743,0.012794,-0.043557,-0.0079135,-0.045318,-0.064655,-0.047699,0.011175,-0.037052,-0.021455,0.00079186,-0.088014,-0.025633,0.043898,0.0081299,-0.067751,-0.047446,0.050216,0.00016931,0.053072,0.036614,0.0082324,-0.01654,-0.045841,0.0070111,-0.018536,-0.0074283,-0.04761,-0.040322,-0.020193,0.090481,0.0022737,0.0047977,0.021482,0.016047,-0.041078,0.0078792,0.028557,-0.0054589,0.051237,0.032507,0.0087432,-0.01486
0.15157,0.044339,0.014679,-0.0045311,-0.15831,0.27922,0.19477,-0.10877,-0.011409,-0.019753,-0.19107,-0.068086,0.049553,-0.052981,-0.066929,0.044015,0.053868,-0.0075771,0.058444,0.0095315,-0.045122,0.036315,0.027661,0.07601,0.033655,0.040141,0.084949,0.090491,0.013151,-0.027758,-0.06201,-0.020294,-0.040413,-0.081765,-0.012087,0.0067399,-0.0603,-0.0069508,-0.020257,-0.069668,-0.048459,0.032791,0.042422,-0.055593,0.018635,0.025065,0.0098734,0.035299,0.062077,-0.02641,-0.0011627,0.014365,-0.012624,-0.044542,0.0065472,-0.034879,-0.014283,0.038218,0.080627,0.020723,0.014962,0.012311,-0.071049,-0.015785,0.11069,0.062545,-0.058547,0.0038963,-0.039191,-0.0061528,0.033753
0.1289,0.05019,-0.0001951,-0.013343,-0.13134,0.2436,0.17292,-0.074874,-0.018064,-0.019385,-0.15677,-0.053977,0.043206,-0.047091,-0.054059,0.040505,0.02423,-0.034827,0.046528,0.0012109,-0.032289,0.032182,0.031407,0.06612,0.018085,0.017025,0.048548,0.10468,-0.0082439,0.025623,-0.053057,-0.035841,0.0089665,-0.064699,0.039069,0.032093,-0.059041,-0.010906,-0.011898,-0.028523,-0.012535,0.076416,0.043711,-0.056546,0.054991,-0.0044644,-0.017753,0.0034217,0.031055,-0.038151,-0.015872,-0.027197,-0.002996,-0.036987,0.037857,-0.028554,0.013218,0.033306,-0.017343,-0.023157,0.010311,0.047427,-0.095395,0.024366,0.0268,0.0063429,0.020317,0.035369,-0.035199,0.033668,-0.024854
0.075928,0.046279,-0.01837,-0.017945,-0.060823,0.14608,0.086828,-0.030198,-0.058539,0.016966,-0.075852,-0.012758,0.023243,-0.010157,-0.038923,0.030085,-0.0098699,-0.070706,0.031684,-0.030487,-0.0031555,0.043448,0.045044,0.02428,-0.0094638,-0.038687,-0.043415,0.019913,-0.067649,0.066229,-0.037303,-0.065322,0.088008,0.013824,0.073344,0.037921,-0.035652,-0.01799,-0.030262,0.0032051,0.020003,0.099022,0.018331,-0.014029,0.09877,-0.047327,-0.042044,-0.027247,-0.034652,-0.042839,-0.032171,-0.079215,0.023543,-0.049425,0.048381,-0.014089,0.051774,0.0078778,-0.1213,-0.062956,-0.00058639,0.072885,-0.060256,0.067193,-0.031339,-0.059314,0.11878,0.036369,-0.041637,0.062639,-0.056686
0.089229,0.034741,-0.010432,-0.026618,-0.00036881,0.063201,0.0037329,-0.057298,-0.089883,0.0050497,-0.033707,-0.034001,0.039097,0.0021473,-0.014647,-0.043466,-0.0027207,0.0099881,-0.01226,-0.011557,-0.019621,0.039721,-0.03323,-0.039841,0.017445,0.037728,-0.055445,-0.063903,-0.029153,-0.021862,0.09353,0.032398,0.025753,0.1306,0.14654,-0.066672,0.093548,-0.017402,0.04217,0.11341,0.069993,-0.17478,-0.16707,0.19475,-0.00017065,-0.1029,0.02777,-0.061558,-0.049248,0.026693,-0.027738,0.019853,0.019602,0.0041836,0.022757,0.0025008,0.012572,-0.01428,-0.028594,-0.015907,0.019196,-0.025728,-0.0017434,0.0063752,0.038966,-0.056276,-0.031621,-0.025913,-0.058654,0.017924,0.030443
0.10594,0.031833,0.0072078,-0.027816,-0.01245,0.064266,0.02701,-0.059373,-0.06543,-0.016197,-0.048789,-0.055625,0.024524,-0.022095,0.0072442,-0.063833,0.024024,0.01625,-0.0083591,-0.0085271,-0.059227,0.049655,-0.057849,-0.035827,0.045867,0.090126,-0.077332,-0.041057,-0.0090179,-0.052658,0.081298,0.040136,-0.0031873,0.11006,0.17045,-0.047307,0.089867,-0.053507,0.085346,0.11876,0.056151,-0.25205,-0.16876,0.24909,-0.012304,-0.057886,0.033112,-0.031739,-0.045028,0.033793,-0.044218,0.017212,0.015797,0.036278,-0.0028887,0.015,-0.052184,-0.0084504,0.009591,-0.027275,-0.039031,-0.076691,-0.0045306,-0.013218,0.034923,-0.024571,-0.048284,-0.0070276,-0.01106,0.0071192,0.066274
0.090208,0.027321,-0.0055521,-0.019403,-0.00061068,0.058751,0.010848,-0.059723,-0.087918,-0.0061682,-0.031262,-0.038674,0.0052924,0.021208,-0.0067169,-0.044691,0.029787,0.021377,0.014787,-0.01677,-0.023283,0.024282,-0.055975,-0.063955,0.017014,0.068509,-0.097549,-0.065229,0.038355,-0.055098,0.11073,0.020016,-0.041655,0.12809,0.10141,-0.041532,0.07696,-0.047757,0.057523,0.0896,0.051636,-0.18427,-0.14591,0.23786,-0.0073997,-0.023652,0.052826,-0.062639,-0.060681,0.046233,-0.0047982,0.014638,0.014308,0.017722,-0.049565,0.021132,-0.017257,-0.025542,-0.013593,0.016748,-0.023667,-0.068181,0.05842,-0.017438,0.072132,-0.021789,-0.026767,0.0022421,0.03395,-0.02379,0.05072
0.097158,0.031767,0.0098302,-0.0077044,0.047319,-0.0094246,-0.043328,-0.008021,-0.12813,-0.027918,0.010082,-0.018917,-0.0024226,0.034493,0.045066,-0.061899,-0.015468,0.028412,-0.011324,0.0098064,-0.053259,-0.01509,-0.0093421,0.022033,-0.034335,-0.014624,0.0066051,0.031946,0.021632,-0.035768,0.056607,0.0019421,-0.07411,0.00030907,-0.095285,0.023041,-0.047623,0.083851,-0.034526,0.08646,-0.045363,0.088244,0.11794,-0.065332,0.055771,0.10419,-0.017247,-0.16359,-0.085208,-0.022258,0.080013,0.050853,-0.014167,0.087497,-0.045309,0.16881,0.0043351,-0.089109,-0.098743,-0.051683,0.013206,-0.011035,0.045615,-0.0036933,-0.10109,-0.098559,-0.049172,-0.059155,0.064944,-0.098765,0.021381
0.10757,0.032188,0.026678,-0.017584,0.043654,-0.018447,-0.045366,0.011274,-0.11315,-0.040912,0.012192,-0.033747,0.017048,-0.0034949,0.073055,-0.0861,-0.02123,0.025168,-0.027217,0.023204,-0.083234,0.0051732,-0.0093111,0.068999,-0.009856,-0.0047887,0.039293,0.072397,-0.025832,-0.015338,-0.010044,0.018514,-0.030228,-0.040767,-0.065724,0.035774,-0.043033,0.091343,-0.022764,0.073033,-0.051105,0.079068,0.13658,-0.11161,0.042533,0.083178,-0.054958,-0.12779,-0.08592,-0.061775,0.070467,0.031025,-0.014421,0.11657,0.0020111,0.16637,-0.029292,-0.11657,-0.06036,-0.10045,0.040302,-0.0093604,-0.018319,0.024272,-0.16788,-0.11829,-0.040278,-0.089353,0.039462,-0.092374,0.014226
0.094743,0.033836,0.0037431,-0.015407,0.043755,-0.0048141,-0.048423,-0.0028683,-0.13647,-0.02107,0.0041773,-0.013087,0.033666,0.016261,0.039266,-0.053333,-0.039903,0.023778,-0.032344,0.020966,-0.047263,0.0090968,0.015046,0.039277,-0.016988,-0.038274,0.051739,0.032433,-0.046342,-0.0033477,0.026515,0.03239,-0.01107,-0.0011246,-0.047617,-0.00015236,-0.029959,0.10978,-0.033055,0.084935,-0.032368,0.095215,0.10849,-0.099141,0.068151,0.0091762,-0.043367,-0.15007,-0.079516,-0.047462,0.049454,0.044669,0.031182,0.068326,0.0078698,0.15083,0.021382,-0.081479,-0.10028,-0.093177,0.075031,0.030644,0.012538,-0.014591,-0.14218,-0.11233,-0.054708,-0.096985,-0.040266,-0.056446,-0.015068
0.10488,0.032261,0.013165,-0.022498,0.013736,0.023633,-0.01141,-0.02455,-0.09036,-0.029902,-0.018824,-0.039379,0.011254,-0.017503,0.034741,-0.071214,0.0021104,0.024515,-0.02249,0.012323,-0.065293,0.027453,-0.031924,0.012982,0.020194,0.037335,-0.014166,0.012208,-0.019816,-0.02988,0.039021,0.026192,-0.021003,0.039432,0.055322,-0.02195,0.023537,0.01012,0.02742,0.088385,0.0019983,-0.097133,-0.015598,0.056861,0.024514,0.010262,-0.0048643,-0.063646,-0.065276,-0.0063516,0.0090972,0.020684,-0.0018662,0.079188,0.0044553,0.088034,-0.055773,-0.076937,-0.02009,-0.054885,-0.015745,-0.040527,-0.014317,0.0096991,-0.066902,-0.04666,-0.029837,-0.034881,0.019226,-0.036271,0.045641
0.18405,0.0097747,0.24133,0.015634,0.13798,-0.1178,0.00030344,0.041236,0.24811,-0.088393,0.067817,-0.014214,0.11263,-0.19382,-0.10628,-0.028375,0.19375,-0.05171,0.084908,-0.11245,0.13735,-0.057873,0.036853,-0.0070503,0.013071,-0.028765,0.01268,0.038658,0.10683,-0.0013007,0.02287,-0.050985,0.13943,-0.02711,0.059552,-0.045686,0.095337,-0.24014,0.20077,-0.056118,0.053537,-0.16921,0.05302,-0.22525,0.022801,-0.016499,0.15033,-0.082661,0.10389,-0.10384,0.13332,-0.084635,0.095393,-0.016819,0.054671,-0.072094,0.20872,-0.12254,0.11612,-0.20992,0.044283,-0.0017773,0.054865,-0.0029325,0.021366,-0.04011,0.16796,-0.14815,0.044909,-0.13785,0.048427
