-0.099547,0.25384,0.1392,-0.041886,0.059203,-0.059355,0.13657,-0.11918,-0.040787,-0.024462,0.038891,-0.058966,-0.060274,0.072942,0.048098,0.057946,-0.053687,0.20567,0.1824,0.048547,0.13081,-0.10512,-0.04714,-0.1892,0.02413,-0.0044718,0.1843,0.14128,-0.058196,-0.15104,0.021283,-0.020191,0.040852,0.18563,-0.21991,0.1128,0.064856,-0.094906,-0.022611,-0.052181,0.042521,0.065152,0.053649,0.060698,-0.027688,0.026909,0.037528,0.0062405,-0.11656,-0.15837,-0.096739,0.11897,-0.033002,0.064623,0.0073896,0.0090228,-0.085237,0.19363,-0.1836,0.17329,-0.025982,-0.10619,-0.073632,-0.14961,0.0027576,-0.037372,-0.032254,0.019323,0.0076294,0.06677,0.045225,0.065794,-0.029805,0.041178
-0.13649,0.26947,0.11898,-0.020518,0.090499,-0.040381,0.12148,-0.095145,-0.043919,-0.020718,0.10479,-0.097556,-0.047078,0.039842,0.059113,0.0056687,-0.013333,0.14009,0.098181,0.051688,0.041084,-0.075093,-0.069929,-0.094226,0.0021202,0.003221,0.080927,0.048508,-0.0099885,-0.046812,0.030139,-0.055955,-0.058259,0.029661,-0.15408,0.0050361,0.039522,-0.054983,-0.042237,0.011111,-0.043495,-0.040285,0.065773,-0.054743,0.00592,0.019686,-0.08943,-0.073396,-0.031032,0.090131,0.043047,-0.055109,-0.038161,-0.049783,0.0301,-0.013923,-0.029421,-0.13525,-0.016816,0.038492,-0.037075,-0.019777,0.043763,-0.04455,0.041996,0.058575,-0.029404,-0.091205,-0.013215,-0.091383,-0.032388,0.0017592,0.027052,-0.096257
-0.1797,0.28086,0.090967,0.0037201,0.13391,-0.045946,0.12802,-0.094033,-0.05302,-0.018788,0.12663,-0.1007,-0.063213,0.02351,0.035069,-0.043074,0.0016414,0.052672,-0.00093396,0.043271,-0.025852,-0.021971,-0.079024,0.080745,-0.046922,-0.026162,-0.020002,-0.014459,0.073239,0.12887,0.027112,0.019565,-0.059879,-0.14612,-0.062966,-0.093296,-0.029867,-0.020235,-0.046142,0.03336,-0.051045,-0.059364,0.056833,0.016261,0.0033335,-0.0039206,-0.034641,-0.05843,0.0082613,0.13578,0.090382,-0.12559,0.040368,-0.10947,-0.0048092,0.014973,0.021326,-0.22524,0.12078,-0.075514,0.040318,0.071842,-0.0039578,0.092572,-0.013612,-0.034199,0.042104,0.019992,0.017351,0.022251,-0.027065,-0.0032016,0.034004,-0.0028161
-0.21506,0.25823,0.049962,0.0018168,0.13664,-0.032828,0.077919,-0.025856,0.0043696,-0.045372,0.14571,-0.09294,-0.056273,-0.0055306,-0.023363,-0.07934,-0.02695,-0.042661,-0.10214,0.00096135,-0.06418,0.06302,-0.0401,0.19015,-0.078289,0.0090783,-0.19431,0.0086396,0.053215,0.1746,0.0089147,0.063119,0.017829,-0.097569,0.022775,-0.10408,-0.046459,0.023574,0.015443,0.052271,0.02827,0.060058,0.00083907,0.031608,0.029394,0.0019359,0.092513,0.10123,0.092831,-0.02422,-0.032054,-0.072463,0.064873,0.064788,-0.085376,-0.01649,0.066998,0.13914,0.12945,-0.13207,0.013957,0.12115,0.017447,0.091063,-0.094437,-0.043767,0.02499,0.11351,0.046043,0.010709,0.023126,-0.016005,0.036378,0.084301
-0.22631,0.19396,-0.014456,-0.0076066,0.19955,0.13457,-0.077393,0.11976,0.015864,-0.088419,0.061416,0.093006,-0.0082859,0.017124,-0.098317,0.013121,-0.046542,-0.11776,-0.14739,0.11475,-0.045835,0.081202,0.01326,0.064655,0.003069,0.063911,-0.11747,-0.018594,0.013175,-0.17842,0.12578,0.023197,0.090189,-0.043555,0.15135,0.0062132,0.040065,0.1795,0.021302,-0.02599,0.098163,0.099609,-0.09632,-0.10121,-0.034346,0.0157,0.11388,-0.017475,0.050985,-0.17478,-0.056596,0.015665,-0.045801,0.12455,-0.044345,0.069162,0.11349,0.11608,0.042531,0.053042,-0.0088411,-0.0019672,-0.049344,0.12824,0.10968,0.10619,0.030546,-0.13623,-0.015385,-0.02086,0.06487,-0.015861,-0.087024,-0.051103
-0.17129,0.10614,-0.036246,0.010178,0.19576,0.20649,-0.16405,0.16633,-0.024199,-0.11987,-0.039588,0.19619,0.012599,0.049814,-0.089394,0.00028126,-0.043551,-0.14035,-0.0028074,0.10866,0.089199,0.081357,0.036626,-0.13238,0.052223,0.011381,0.04314,-0.17082,-0.077596,-0.076303,-0.068756,0.0006286,-0.04945,0.060704,0.11489,0.22833,-0.013418,0.18175,0.052903,0.0066313,-0.092139,-0.11169,-0.062262,0.071203,0.077855,-0.068754,-0.1095,0.046647,-0.047179,0.2001,-0.029666,0.043063,-0.048223,-0.16193,0.046829,-0.193,0.060072,-0.034128,-0.26115,-0.17386,0.0023049,0.028552,0.0090471,-0.24306,0.0043246,-0.062112,-0.040769,0.062755,-0.035148,0.023081,-0.11361,-0.0090356,0.029674,-0.0003026
-0.064943,0.020875,-0.016429,0.014106,0.055003,0.087544,-0.089926,0.14638,-0.088765,-0.13146,-0.074619,0.15905,-0.027778,-0.037817,-0.00042363,-0.13844,-0.061974,-0.069928,0.18588,-0.087164,0.14865,0.11275,0.054708,-0.14404,0.17293,-0.048782,0.020972,-0.26525,-0.024179,0.28948,-0.30983,0.056713,-0.089592,0.15358,-0.012087,-0.16906,-0.025928,-0.14636,-0.053288,-0.04963,-0.047698,-0.056397,0.086905,0.0066765,0.0031325,-0.019946,0.026867,-0.060655,-0.017668,-0.14902,0.11738,0.033545,0.027677,0.066512,-0.05899,0.23185,-0.081221,-0.04081,-0.088294,0.19075,-0.024799,-0.091695,0.013143,0.14878,-0.082433,-0.034582,0.040099,-0.049935,-0.077439,-0.0056549,0.18756,-0.055191,-0.049741,0.010617
-0.00040181,-0.06739,-0.0018651,0.0024423,-0.0012872,0.00035781,6.6638e-005,0.0013692,0.0024198,-0.11869,-0.0023784,-0.038522,-0.0017391,0.0022197,-0.0018336,0.0004534,0.062398,0.0012963,0.0021019,-0.1868,0.00012876,-0.0011262,0.093819,-0.00020166,-0.00094831,-0.0010962,-0.20882,-0.046762,0.0011825,0.0025537,-0.1072,0.06462,-0.0011415,-0.00078922,-0.082054,-0.002053,-0.0011937,-0.020423,-0.077731,5.4763e-005,-9.823e-005,0.00096343,0.078877,-0.0002447,0.17203,0.32226,0.00041281,0.0010771,-0.071168,-0.00041598,-0.00054617,-0.19674,-0.14236,0.00026323,0.27539,-0.0009331,0.033197,0.0021163,0.12302,0.19969,3.5255e-005,-0.00048835,-0.0010588,-0.022812,0.00082588,-0.00047885,-0.17583,-0.0023195,0.00090069,0.00065809,-0.34687,0.29615,-0.13883,-0.00035894
0.063449,0.020398,0.012756,-0.0097579,-0.05745,-0.087728,0.090269,-0.14507,0.093987,-0.13137,0.070567,0.16164,0.025701,0.041225,-0.0013061,0.14034,-0.062475,0.071105,-0.18478,-0.08742,-0.14929,-0.11481,0.055322,0.14348,-0.17434,0.048323,0.021739,-0.26527,0.025474,-0.29048,-0.31225,0.055971,0.090118,-0.15442,-0.015673,0.16915,0.025508,-0.15028,-0.053204,0.05128,0.046542,0.056877,0.088224,-0.0061815,0.0038222,-0.020923,-0.027528,0.060714,-0.017285,0.15073,-0.11805,0.031548,0.029199,-0.06708,-0.061408,-0.2322,-0.082529,0.040233,-0.084272,0.19075,0.024545,-0.089073,-0.012282,0.15221,0.081748,0.034996,0.041069,0.052035,-0.07747,0.004603,0.1886,-0.056314,-0.049622,-0.010762
0.16885,0.10528,0.032675,-0.007575,-0.19755,-0.2102,0.16444,-0.16529,0.026462,-0.11967,0.037739,0.20194,-0.011775,-0.05127,0.091227,-0.0020595,-0.043949,0.14075,-0.00062178,0.11049,-0.090027,-0.079258,0.038801,0.13222,-0.051371,-0.0087501,0.04608,-0.16903,0.075457,0.072186,-0.070087,-0.00027,0.051101,-0.058673,0.11049,-0.22858,0.01633,0.17961,0.054376,-0.0085284,0.093802,0.11133,-0.060057,-0.073648,0.08054,-0.072493,0.10887,-0.050933,-0.047904,-0.20129,0.031958,0.039601,-0.04785,0.16285,0.047237,0.19642,0.059019,0.028487,-0.25899,-0.17933,-0.0019723,0.033161,-0.0087498,-0.24583,-0.005907,0.0614,-0.040959,-0.061646,-0.032579,-0.022229,-0.11479,-0.0071362,0.03163,0.0009578
0.22475,0.19327,0.011911,0.0094261,-0.2016,-0.14029,0.077985,-0.12149,-0.015789,-0.088958,-0.060988,0.10117,0.011059,-0.019451,0.1027,-0.018369,-0.046715,0.11671,0.14483,0.11932,0.045393,-0.078602,0.016048,-0.064241,-0.0012628,-0.064492,-0.1148,-0.014348,-0.016019,0.18176,0.13249,0.022109,-0.091176,0.046263,0.15058,-0.0023449,-0.040835,0.18043,0.021013,0.025707,-0.098982,-0.10106,-0.096844,0.10407,-0.036252,0.017575,-0.11369,0.020897,0.05168,0.175,0.055541,0.014353,-0.046464,-0.12506,-0.044442,-0.072513,0.11344,-0.11188,0.044643,0.057785,0.0087855,-0.0042274,0.049579,0.13128,-0.10747,-0.10558,0.03035,0.13455,-0.015766,0.019913,0.064728,-0.015021,-0.08752,0.050552
0.21535,0.25832,-0.052153,-0.001033,-0.13601,0.033384,-0.080074,0.023902,-0.0074561,-0.045124,-0.14553,-0.09055,0.059328,0.004376,0.026021,0.078547,-0.027154,0.041713,0.10339,-0.00096888,0.063558,-0.065681,-0.038864,-0.19226,0.080482,-0.013493,-0.20226,0.013847,-0.050793,-0.17581,0.0096588,0.066908,-0.018172,0.09157,0.021819,0.10518,0.04431,0.020061,0.013981,-0.051468,-0.03032,-0.060794,0.00069553,-0.031555,0.029316,0.0049904,-0.091877,-0.10068,0.095332,0.02321,0.02896,-0.069227,0.064766,-0.064667,-0.088044,0.020044,0.063903,-0.14117,0.12694,-0.13239,-0.013761,0.11991,-0.021364,0.088289,0.098655,0.049583,0.022537,-0.11415,0.046923,-0.0085938,0.022387,-0.016919,0.042052,-0.084281
0.17922,0.28128,-0.093136,-0.0053777,-0.13396,0.044883,-0.12862,0.09377,0.053832,-0.015697,-0.12208,-0.098925,0.068017,-0.024659,-0.03906,0.042003,0.0091999,-0.055029,0.0058931,0.042326,0.024491,0.016422,-0.082706,-0.080822,0.04571,0.030992,-0.018686,-0.014533,-0.073945,-0.12779,0.029139,0.027897,0.060264,0.14585,-0.062304,0.094154,0.029434,-0.020859,-0.046812,-0.03498,0.050135,0.056626,0.05803,-0.021833,0.0017814,-0.0050152,0.030652,0.061831,0.0028413,-0.13566,-0.089707,-0.12704,0.046612,0.11336,-0.0022424,-0.014242,0.023201,0.22598,0.12035,-0.075442,-0.039074,0.070146,0.0039585,0.091546,0.013137,0.031642,0.043297,-0.018558,0.01822,-0.021215,-0.026884,-0.0046708,0.032991,0.0031811
0.13527,0.27019,-0.1212,0.017735,-0.091112,0.038667,-0.12198,0.094965,0.045273,-0.016942,-0.1014,-0.096564,0.050708,-0.041622,-0.063906,-0.0059149,-0.0048532,-0.14207,-0.095154,0.051354,-0.040065,0.072635,-0.075749,0.093529,-0.0030122,-0.00086816,0.083945,0.04586,0.0090487,0.047604,0.030548,-0.058231,0.060134,-0.027493,-0.15411,-0.0069775,-0.040184,-0.056262,-0.04343,-0.0094935,0.045942,0.044621,0.064861,0.060519,0.0078573,0.020075,0.093778,0.069176,-0.02594,-0.089685,-0.043159,-0.051888,-0.045461,0.043745,0.027336,0.013042,-0.030243,0.1338,-0.016722,0.038527,0.036823,-0.018469,-0.043402,-0.043583,-0.041732,-0.05596,-0.029897,0.089714,-0.013451,0.090466,-0.033472,0.0029293,0.027883,0.095485
0.097259,0.25429,-0.14231,0.038047,-0.061222,0.05719,-0.13473,0.11789,0.042682,-0.021095,-0.034811,-0.057839,0.059841,-0.07225,-0.052586,-0.053452,-0.052241,-0.20542,-0.18504,0.0496,-0.12589,0.1085,-0.050792,0.18855,-0.019556,-0.0036168,0.18046,0.14315,0.058091,0.15167,0.018973,-0.031286,-0.040984,-0.18667,-0.21736,-0.11269,-0.064599,-0.095973,-0.022429,0.050757,-0.040516,-0.06526,0.054499,-0.062413,-0.030584,0.029296,-0.040175,-0.0068472,-0.11786,0.15933,0.096416,0.1165,-0.027757,-0.06269,0.0096809,-0.0094939,-0.086795,-0.19348,-0.18571,0.17341,0.026008,-0.10601,0.073756,-0.15082,-0.0029702,0.03643,-0.032141,-0.018639,0.0067561,-0.066361,0.046035,0.064509,-0.029933,-0.041971
0.058615,0.043922,-0.15172,0.13741,0.19804,-0.067946,0.099396,0.2098,-0.017627,0.015342,0.090047,0.064674,-0.0055247,-0.058842,0.033129,0.066972,-0.0010556,0.0954,-0.064119,-0.066439,0.028994,-0.14576,-0.049674,-0.016511,-0.065515,-0.007042,0.095716,0.12016,-0.074675,0.15845,-0.013125,0.017247,-0.13214,-0.16308,0.15357,0.19313,0.26178,-0.13047,0.20542,0.03107,-0.075185,-0.0012353,-0.23933,0.025322,0.34162,0.085452,-0.024864,-0.22199,0.024867,-0.10286,-0.037848,-0.024585,0.1124,-0.042452,0.12391,0.06012,-0.14914,0.12734,-0.086768,-0.10392,0.052979,-0.15595,0.015445,0.2099,-0.037232,-0.03914,0.084164,0.012629,0.0030017,-0.034048,-0.028242,0.088982,0.053702,-0.0076432
0.043208,-0.0023726,-0.12614,0.12845,0.18738,-0.042494,0.20213,0.063352,-0.017615,0.015338,0.01657,0.17477,0.015001,-0.014033,0.036737,0.087608,-0.10953,0.00082878,-0.071597,-0.18302,0.084775,-0.022674,-0.1444,-0.061132,-0.01929,0.041573,0.042727,0.10842,0.13024,-0.039801,-0.087157,-0.021491,0.092599,0.1702,0.14641,0.009383,-0.31305,-0.093958,-0.2333,0.17035,0.19195,-0.21592,-0.2171,0.020142,-0.063866,-0.025802,-0.0028442,0.092369,-0.17247,-0.029187,-0.076361,0.026994,-0.049899,-0.033573,-0.13478,0.11024,0.20003,-0.052664,0.048268,0.10847,0.10896,0.1793,-0.083606,-0.033534,-0.057178,-0.009605,0.14607,-0.012008,0.039504,-0.11995,-0.11534,0.062603,0.08178,0.052862
-0.0044899,-0.037812,-0.057743,0.14137,0.12386,0.17259,0.08182,-0.2262,0.063886,0.048718,-0.11128,0.15163,0.059787,-0.18555,-0.044704,-0.042299,-0.064624,0.058584,0.067907,-0.15877,0.084846,0.09195,-0.10833,-0.027174,0.0087115,-0.015427,-0.098944,-0.064968,-0.039403,0.10579,0.1517,-0.062271,0.38016,-0.077436,-0.03589,-0.07546,0.19946,0.11964,-0.37302,0.086986,-0.02463,-0.0095313,0.075987,-0.039694,0.11139,-0.14329,-0.13157,0.086194,0.035572,-0.11826,0.017763,-0.10291,-0.037902,-0.059899,0.083806,-0.13019,-0.13998,-0.037321,0.035691,-0.16755,-0.040047,-0.20282,0.005442,-0.013087,0.031235,0.014101,-0.10672,-0.0059851,-0.0049314,-0.022822,0.10405,-0.017552,-0.11813,-0.040493
-0.015195,-0.051578,-0.032061,0.11281,0.039492,0.11645,0.041992,-0.28369,0.11072,0.081553,-0.039995,0.066477,0.037785,-0.068519,-0.040617,0.057158,0.016584,-0.12908,0.11614,-0.054041,0.025059,0.080003,0.0072443,0.11655,0.017753,0.03253,-0.093774,-0.17176,-0.17272,-0.11361,0.23593,-0.10135,-0.36812,0.010678,-0.02746,-0.07077,0.061248,-0.012429,0.15431,0.22746,0.075392,-0.13496,0.22427,0.05415,0.24223,0.14006,0.060452,-0.097443,-0.2234,0.014588,-0.082994,0.15274,0.072008,0.12006,-0.18725,0.033237,0.14424,0.02979,0.014569,0.03045,-0.019316,0.095366,0.027886,0.0024955,0.024056,-0.014079,-0.086557,0.0051978,-0.066566,0.053954,0.12713,0.029031,0.068532,0.027481
-0.01055,-0.017757,-0.069027,0.1235,0.090252,0.055448,0.10847,-0.11997,0.040258,0.0783,-0.034711,0.12562,0.025719,-0.11573,0.058829,0.052925,-0.037377,-0.043457,0.0712,-0.15628,0.096286,0.063484,-0.060856,0.083788,0.030385,0.038382,-0.099346,-0.1404,-0.03753,-0.1118,0.074959,0.030544,-0.0658,-0.027129,-0.12585,-0.045387,-0.14987,0.021002,0.24901,-0.39328,-0.18409,0.2061,0.092098,-0.034471,-0.26292,-0.020901,0.03876,0.0091058,0.13482,0.076332,-0.042882,-0.12083,-0.032106,-0.11489,-0.12302,0.043614,-0.049131,0.063722,-0.090725,-0.03098,0.20863,-0.1569,-0.071047,-0.039694,-0.12799,-0.05049,0.27409,-0.022925,0.034183,-0.039118,-0.14972,0.089601,0.028713,-0.022048
0.024457,0.0069253,-0.11529,0.12061,0.1464,-0.005201,0.10792,0.062059,-0.0035304,0.030986,0.036506,0.12005,-0.0008983,-0.09241,0.040374,0.073294,-0.019381,0.052745,-0.0289,-0.14057,0.084573,-0.035972,-0.070276,-0.043075,-0.038068,0.06825,0.002417,-0.093589,0.061317,0.044876,0.047403,0.026004,-0.097506,0.086186,-0.084682,-0.020954,-0.053655,-0.06538,0.20784,-0.11508,0.043315,0.1169,-0.17859,-0.049685,-0.1598,0.067368,0.13634,0.099981,0.096819,0.12636,0.17888,-0.028151,-0.045191,0.16288,0.29123,-0.14334,0.03047,-0.08488,0.029219,0.064461,-0.30035,0.2205,0.094681,-0.029084,0.16769,0.1225,-0.25713,0.0226,-0.0083685,0.18606,0.090386,-0.16213,-0.079103,-0.045684
-0.062473,0.043828,0.1538,-0.13463,-0.20178,0.070184,-0.10637,-0.21235,0.019331,0.0087648,-0.086408,0.067099,0.0010636,0.053885,-0.031484,-0.064842,0.0024793,-0.09202,0.060672,-0.068898,-0.026932,0.14467,-0.053602,0.012869,0.06348,0.010844,0.097186,0.12656,0.074938,-0.15664,-0.017648,0.017528,0.13179,0.16222,0.15627,-0.19322,-0.26513,-0.1264,0.20912,-0.031491,0.075016,-0.00049922,-0.23422,-0.025077,0.34208,0.086961,0.02418,0.22016,0.026349,0.10194,0.037438,-0.026337,0.11165,0.042594,0.12067,-0.059902,-0.14832,-0.12607,-0.084317,-0.10397,-0.05281,-0.15747,-0.015321,0.20756,0.037521,0.039335,0.082107,-0.011771,0.0010815,0.033661,-0.026443,0.0877,0.051979,0.007802
-0.04551,-0.0027651,0.12852,-0.12506,-0.18828,0.041392,-0.20375,-0.058605,0.016143,0.010455,-0.014641,0.17611,-0.014231,0.014125,-0.03487,-0.088236,-0.10696,0.00030318,0.073401,-0.18263,-0.081453,0.020922,-0.14534,0.063683,0.017815,-0.044937,0.040139,0.10919,-0.13596,0.035774,-0.087352,-0.023175,-0.092586,-0.17064,0.14539,-0.012909,0.31489,-0.093773,-0.23473,-0.16801,-0.19286,0.21766,-0.21592,-0.020433,-0.065513,-0.02891,0.0029569,-0.086708,-0.17483,0.030196,0.077016,0.03057,-0.049445,0.033552,-0.1321,-0.1097,0.20164,0.051249,0.046707,0.10904,-0.10996,0.18078,0.083772,-0.031149,0.056169,0.011213,0.14592,0.010901,0.043217,0.11631,-0.11648,0.062877,0.083596,-0.049777
0.0029179,-0.038288,0.061348,-0.13826,-0.1242,-0.17309,-0.079401,0.22907,-0.065953,0.045913,0.1108,0.15141,-0.056358,0.18844,0.044261,0.040121,-0.061142,-0.058391,-0.068635,-0.15655,-0.085272,-0.09191,-0.10746,0.027062,-0.0092022,0.014344,-0.10191,-0.066156,0.036734,-0.10755,0.1524,-0.063554,-0.37763,0.07653,-0.037754,0.070208,-0.20277,0.11782,-0.37097,-0.087723,0.023341,0.006068,0.075049,0.04017,0.11194,-0.14522,0.1309,-0.091044,0.035345,0.11783,-0.020088,-0.10153,-0.038466,0.060048,0.084963,0.12801,-0.13785,0.039702,0.035571,-0.16783,0.039751,-0.20342,-0.0049808,-0.012481,-0.029478,-0.016906,-0.1046,0.0082039,-0.0057986,0.027475,0.10348,-0.01531,-0.11881,0.036645
0.013592,-0.052059,0.036118,-0.11018,-0.039898,-0.1144,-0.03951,0.28196,-0.11098,0.079818,0.03832,0.06558,-0.03286,0.07165,0.037367,-0.056972,0.019259,0.13098,-0.11991,-0.05168,-0.029963,-0.07881,0.0079261,-0.12308,-0.015723,-0.031024,-0.096656,-0.17277,0.17137,0.11605,0.23576,-0.10189,0.36499,-0.012115,-0.028475,0.072402,-0.060133,-0.016998,0.1558,-0.22727,-0.072558,0.13839,0.2178,-0.053982,0.24121,0.13877,-0.059517,0.10118,-0.22795,-0.014051,0.084601,0.14683,0.068238,-0.12042,-0.19113,-0.031179,0.14612,-0.030838,0.016433,0.029159,0.021016,0.090546,-0.028403,-0.0011759,-0.026081,0.014172,-0.089447,-0.0062538,-0.068874,-0.054287,0.12979,0.028363,0.068725,-0.027967
0.0085061,-0.018174,0.072663,-0.1204,-0.09127,-0.055552,-0.10622,0.11946,-0.040795,0.075074,0.033769,0.12548,-0.024774,0.11742,-0.05947,-0.052099,-0.034571,0.040145,-0.068789,-0.15367,-0.098204,-0.062276,-0.060214,-0.081711,-0.028863,-0.038115,-0.10148,-0.14098,0.042255,0.11305,0.075247,0.02877,0.066177,0.028851,-0.12592,0.047966,0.14972,0.018243,0.24758,0.39017,0.18293,-0.20676,0.091079,0.0331,-0.26147,-0.022388,-0.040752,-0.014392,0.13417,-0.076998,0.042772,-0.11954,-0.032256,0.11544,-0.12177,-0.045653,-0.049304,-0.06314,-0.090873,-0.031608,-0.2113,-0.15837,0.072098,-0.039065,0.13093,0.053344,0.27693,0.022344,0.033989,0.034962,-0.149,0.090827,0.026514,0.028573
-0.026983,0.0066408,0.11846,-0.11692,-0.14789,0.0040577,-0.10893,-0.061722,0.0031849,0.026312,-0.035974,0.12092,-0.0015979,0.091585,-0.039147,-0.071643,-0.016098,-0.056402,0.032357,-0.13972,-0.08426,0.035379,-0.070946,0.047415,0.039214,-0.069623,-0.00013007,-0.093765,-0.056389,-0.044425,0.047445,0.024614,0.098758,-0.0833,-0.086329,0.025914,0.057183,-0.066093,0.20828,0.1169,-0.041783,-0.11594,-0.1773,0.050242,-0.16114,0.06488,-0.13465,-0.097615,0.097318,-0.12642,-0.17763,-0.025756,-0.045322,-0.16347,0.29472,0.14509,0.030566,0.083309,0.029315,0.064436,0.30273,0.21983,-0.096007,-0.026,-0.16897,-0.12456,-0.25673,-0.022461,-0.0062618,-0.18222,0.088451,-0.1627,-0.077081,0.040833
-0.037489,0.022561,0.098535,-0.057423,-0.042853,0.1105,-0.0035176,-0.015601,0.0246,0.076542,-0.14712,0.0048288,0.23942,-0.038005,-0.0075602,0.039859,0.072879,0.071426,-0.070587,0.053231,0.16372,-0.099486,0.12107,0.13193,-0.20631,-0.11726,0.0025948,0.0030576,0.014743,0.07044,-0.041155,-0.021563,-0.035795,0.026365,0.028268,0.099605,-0.0021137,0.018353,0.010697,-0.09555,0.099525,-0.10323,-0.013426,-0.063931,0.0084235,-0.049225,0.066289,0.0029506,-0.038808,-0.0072556,0.032404,0.027555,-0.011138,-0.08402,-0.062775,0.075982,-0.10084,0.014443,0.030695,0.0036069,0.041374,-0.061991,0.12438,0.079431,0.029899,-0.026389,-0.03821,-0.032926,0.023179,-0.045293,-0.17516,-0.42458,0.018778,0.02614
-0.030476,0.01541,0.069977,-0.055248,-0.06037,-0.014124,0.034773,0.03558,-0.020134,0.12036,-0.10541,0.014946,0.09814,-0.024205,0.045888,0.1374,0.14026,-0.049313,-0.037896,0.015304,0.14504,-0.0034373,0.16756,0.023677,-0.035242,0.067642,-0.0069389,0.038192,-0.015703,0.063171,-0.11781,0.01028,0.021539,-0.063871,-0.030942,-0.0024417,0.00073642,0.10054,-0.044549,0.017769,0.0063365,-0.032857,-0.030592,0.0045766,-0.028368,-0.014261,0.055484,0.0064273,0.002185,0.0033862,0.021596,-0.0022193,-0.0099601,0.01127,-0.0050936,0.0034637,-0.016526,0.01595,0.010329,0.027106,0.011058,0.016035,-0.0046752,-0.00058989,0.027294,0.016177,0.024416,-0.002708,-0.0075754,0.026303,0.024079,0.018522,0.076095,0.022594
-0.016118,-0.0017818,0.049638,-0.044661,-0.049193,-0.12559,0.070973,0.078481,-0.050507,0.092191,-0.050797,0.013475,0.006001,-0.019946,0.087965,0.20496,0.06421,-0.16008,0.023234,0.084588,0.079698,0.071355,0.12615,-0.08314,0.07421,0.23315,-0.018204,0.029906,-0.0032937,0.048718,-0.035774,0.025702,0.016391,-0.13563,0.091037,-0.061208,0.018491,-0.053101,-0.021883,0.12382,-0.079168,0.1337,0.083934,0.067656,0.025364,-0.069712,-0.12175,-0.00012646,-0.037554,0.026878,-0.093437,0.041993,-0.042824,0.092819,-0.053562,-0.037858,-0.044398,-0.017224,0.0032517,0.038145,-0.046974,0.027348,-0.14034,0.019599,-0.029229,-0.011417,-0.13243,0.00042473,-0.022054,-0.048948,-0.14995,-0.098435,-0.073946,0.032652
-0.020559,0.015733,0.079724,-0.052864,-0.050292,-0.015514,0.037544,0.038365,-0.016184,0.13553,-0.10537,0.0078291,0.11653,-0.036183,0.04013,0.11957,0.12722,-0.054049,-0.054752,0.030134,0.14578,-0.0015296,0.17529,0.012404,-0.06343,0.06827,-0.025384,0.045017,0.016892,0.042146,-0.11768,-0.0070888,0.0051457,-0.011404,-0.0065241,-0.011576,0.016643,0.098785,-0.017697,0.026047,-0.031339,-0.02473,-0.020841,0.00097885,-0.028157,-0.0016175,0.0083606,-0.011508,-0.0099905,0.020686,0.0069338,0.0043211,0.0041153,0.055965,-0.021475,-0.0053833,-0.011501,0.016456,0.0147,0.016039,0.015708,0.026544,-0.015833,0.026222,-0.0075356,0.018566,0.0049298,0.0057917,-0.0055959,0.025629,0.05792,0.041959,0.011672,-0.078783
-0.028385,0.030868,0.074372,-0.046397,-0.047379,-0.018175,0.042581,0.030825,-0.01599,0.16581,-0.10862,0.0037237,0.10736,-0.04036,0.031259,0.1451,0.1597,-0.046902,-0.056925,-0.005707,0.16871,0.0010075,0.22909,0.017388,-0.031957,0.056863,-0.029127,0.059333,-0.0075777,0.043795,-0.14569,-0.0043461,0.020652,-0.057392,-0.0090222,0.022919,-0.0016861,0.13669,-0.03504,0.013593,-0.033987,-0.013829,-0.015816,0.011873,-0.07047,0.035235,0.026087,0.0095287,0.058539,0.013383,0.054087,-0.012508,0.021937,0.040082,0.052742,0.034307,0.067389,0.0077409,-0.035572,-0.022011,-0.0128,0.0015668,-0.0070085,0.0074215,-0.0032708,0.024828,0.0028938,-0.010594,0.0070608,0.027024,0.15211,0.22255,-0.00033918,-0.027241
0.035202,0.022814,-0.10056,0.054159,0.043009,-0.10915,0.0040798,0.015704,-0.025628,0.079379,0.1448,0.0046139,-0.24132,0.037539,0.008797,-0.03985,0.07106,-0.070251,0.070901,0.052527,-0.16406,0.097951,0.12072,-0.13054,0.2062,0.11719,0.0021841,0.0047276,-0.016392,-0.069541,-0.041807,-0.023017,0.035843,-0.028084,0.028998,-0.098806,0.0016005,0.017711,0.012378,0.094562,-0.097282,0.10281,-0.012038,0.063218,0.0074255,-0.051274,-0.065242,-0.0027282,-0.040543,0.0078152,-0.03285,0.028125,-0.013356,0.082325,-0.061642,-0.075634,-0.097065,-0.014626,0.030803,0.0029575,-0.041796,-0.064357,-0.12403,0.081431,-0.030368,0.025525,-0.038908,0.029756,0.023986,0.045326,-0.174,-0.42223,0.017869,-0.020845
0.028501,0.015704,-0.071535,0.051553,0.060734,0.013945,-0.032231,-0.036571,0.018999,0.12262,0.10233,0.014758,-0.10269,0.025879,-0.044504,-0.13571,0.13844,0.047944,0.039167,0.014342,-0.14685,0.0022749,0.1673,-0.02307,0.037715,-0.065484,-0.0071081,0.039551,0.011734,-0.063475,-0.11912,0.009426,-0.019497,0.060996,-0.030752,0.0037107,-0.0029361,0.10027,-0.042871,-0.017142,-0.0076166,0.030794,-0.029381,-0.0038466,-0.02831,-0.016114,-0.05408,-0.0050664,0.00071398,-0.0045553,-0.017604,-0.0017562,-0.01223,-0.012532,-0.0046209,-0.0018016,-0.014073,-0.014018,0.010629,0.026566,-0.01035,0.013452,0.009044,0.0008627,-0.025701,-0.015888,0.024162,0.001445,-0.0069795,-0.025479,0.023195,0.017179,0.076127,-0.023877
0.014686,-0.001644,-0.050585,0.041374,0.049797,0.12646,-0.070171,-0.078005,0.049805,0.093582,0.04879,0.013415,-0.0065687,0.018959,-0.086473,-0.20628,0.063137,0.1606,-0.024371,0.083896,-0.08081,-0.072206,0.12589,0.083436,-0.076081,-0.23274,-0.01872,0.031096,0.0053287,-0.048398,-0.036917,0.025791,-0.018255,0.13805,0.090817,0.059501,-0.017519,-0.052884,-0.020365,-0.12335,0.07741,-0.13341,0.085294,-0.068735,0.025964,-0.070915,0.12016,-0.0008496,-0.039406,-0.025616,0.089753,0.043697,-0.045033,-0.089483,-0.052502,0.03483,-0.043162,0.016146,0.0035528,0.037561,0.048703,0.025758,0.13962,0.020926,0.026586,0.013327,-0.134,-0.0061139,-0.022217,0.046965,-0.15318,-0.099715,-0.073233,-0.039591
0.018849,0.015953,-0.080772,0.049393,0.050729,0.017432,-0.037357,-0.038281,0.014546,0.1378,0.10159,0.0076256,-0.11672,0.034945,-0.03942,-0.1232,0.12563,0.056001,0.054834,0.029026,-0.14526,0.00066983,0.1753,-0.011456,0.061035,-0.069077,-0.025698,0.046479,-0.015967,-0.040878,-0.11853,-0.0075827,-0.006714,0.01289,-0.0061748,0.012136,-0.015891,0.098853,-0.015743,-0.026266,0.034267,0.027099,-0.019203,-0.0013195,-0.027942,-0.0033049,-0.0087637,0.010628,-0.011776,-0.02068,-0.010454,0.0051419,0.0014994,-0.054699,-0.020122,0.0038816,-0.0088379,-0.018056,0.014972,0.015583,-0.017134,0.024102,0.011071,0.027489,0.0066909,-0.019419,0.0045069,-0.00052973,-0.0046333,-0.024889,0.057316,0.041673,0.01146,0.080163
0.02637,0.03115,-0.075885,0.042717,0.047962,0.019267,-0.041199,-0.031074,0.014905,0.16818,0.10496,0.0033895,-0.10959,0.040364,-0.029954,-0.14592,0.15771,0.047236,0.057412,-0.0070149,-0.16923,-0.0020978,0.22897,-0.016367,0.032425,-0.055384,-0.029343,0.060916,0.005974,-0.04416,-0.14691,-0.0047839,-0.020833,0.057062,-0.0091286,-0.021919,0.0011171,0.13648,-0.033313,-0.013486,0.035107,0.014155,-0.014391,-0.011828,-0.07024,0.03325,-0.026835,-0.0096084,0.057371,-0.013368,-0.052834,-0.012129,0.019613,-0.039707,0.053965,-0.034063,0.070137,-0.0080393,-0.034972,-0.022504,0.012121,-0.00090242,0.0063556,0.0089127,0.0040436,-0.024887,0.0027971,0.014204,0.0080345,-0.027522,0.15132,0.222,-0.00074214,0.026591
0.00080269,-0.054219,0.016777,-0.014139,-0.038522,-0.046695,0.01087,0.040945,-0.012378,0.045546,0.016078,0.01435,-0.029881,-0.02164,0.01431,0.090473,-0.028473,-0.034608,0.031172,0.15036,-0.036987,0.034163,0.0071756,-0.029454,-0.020999,0.015351,-0.0081522,0.019304,-0.016919,0.017449,0.007082,0.035685,-0.10988,-0.028954,0.093706,-0.02143,-9.127e-005,-0.20577,-0.032157,-0.030368,0.057707,-0.092996,0.12465,-0.19471,-0.0009102,0.0075833,0.060866,0.033252,0.14196,-0.26052,-0.10248,0.054267,0.067435,-0.14224,0.038732,-0.23107,0.11545,-0.13407,-0.008561,-0.023985,0.052232,0.036882,0.064831,-0.11369,-0.0074272,-0.023454,0.037355,-0.18277,-0.15678,-0.019483,-0.090989,0.0041595,-0.12307,0.0076627
-0.00020909,-0.078676,0.014059,-0.011262,-0.034016,-0.067728,0.045281,0.083997,-0.025241,0.027635,0.020849,-0.0099151,-0.040389,-0.075227,0.038434,0.074553,-0.061613,-0.054744,0.13432,0.16728,-0.066126,0.17283,-0.042409,-0.10346,-0.11636,-0.027311,-0.012193,0.020557,-0.045016,0.0057079,-0.022391,0.058524,-0.081775,-0.081799,0.11058,-0.0068535,-0.02384,-0.18452,-0.060194,-0.053144,0.087102,0.011292,0.10526,-0.07249,-0.034101,0.035989,0.06043,0.089407,0.16216,-0.18434,-0.10515,0.0064349,0.021733,-0.12363,0.038949,-0.14421,0.10431,-0.12725,0.02322,-0.035056,-0.026028,-0.027717,-0.019796,-0.078885,-0.0162,-0.043087,0.036155,0.1624,-0.096848,0.062098,-0.073751,0.032952,-0.10918,0.024715
-0.021286,-0.083744,0.031743,-0.026244,0.033675,0.028259,0.031612,0.020281,0.060951,0.025591,0.013589,-0.030756,-0.019714,-0.10856,0.079719,0.20246,-0.033868,-0.14519,0.028412,0.1272,-0.2535,-0.036046,-0.072304,-0.092579,-0.14074,-0.17994,-0.026225,-0.0086163,-0.13257,0.042096,-0.019737,0.049096,0.018864,0.11238,0.071378,-0.050295,0.0077362,-0.020325,0.021688,-0.1041,0.011526,-0.066258,0.048917,0.033311,0.011065,5.9329e-005,-0.038249,0.04949,0.012908,0.022577,0.040008,-0.040006,-0.11482,0.079007,0.04305,0.046142,-0.039564,0.012321,0.070885,0.071482,-0.019163,-0.050609,0.015723,-0.057327,-0.033631,0.1193,0.042713,0.088789,0.23089,-0.14432,0.14536,0.012087,0.059304,-0.062271
-0.011877,-0.096791,0.055333,-0.0011948,-0.011092,-0.048441,0.099024,0.024592,-0.061742,0.046283,-0.079048,-0.047449,-0.11195,-0.26257,-0.097363,-0.021698,-0.051032,-0.15272,-0.044553,0.12845,-0.093149,-0.025018,-0.12119,-0.16335,-0.18886,-0.15122,-0.039833,-0.017377,-0.0031226,-0.032893,-0.042743,0.012745,0.048831,0.063674,-0.015116,-0.039905,0.016974,0.045502,0.052854,0.067146,-0.014788,0.092318,-0.048744,0.026542,0.10471,-0.11645,-0.13669,-0.050925,0.11142,0.15722,-0.034458,0.0052503,0.04566,0.017143,0.018772,0.090414,0.0083919,0.084142,0.12282,0.17359,0.022123,-0.034739,0.0259,-0.13717,0.017212,-0.084392,-0.029229,-0.15028,0.17772,0.12686,0.034009,-0.030125,0.04695,0.17207
0.0014975,-0.15491,0.0018724,-0.00054349,0.0014543,-0.00067934,0.00012147,8.1671e-005,0.0019348,0.014912,-0.00078707,-0.035096,-0.00071656,-0.00065627,-0.00057962,-0.0016798,-0.092318,-0.00090236,-0.00091143,0.15115,0.0013383,-0.00031855,-0.17228,-0.00015535,-0.0001992,1.673e-005,-0.045606,0.0094468,0.00020741,-0.00043902,-0.063735,0.09766,-0.0011872,-6.962e-005,-0.089651,2.5919e-005,-0.00049924,0.090594,0.020269,-9.3602e-005,-0.00021359,0.00095027,-0.015574,-0.001441,0.053642,-0.050271,-0.0012462,0.00054286,0.014067,-0.00094836,-0.00017997,0.048792,0.028759,-0.001571,0.022732,0.0013648,-0.0053701,-0.00033347,-0.059046,0.066571,0.00043884,-0.048499,-0.00013296,0.022248,0.0018555,0.00096468,-0.080218,0.0014679,0.091592,0.000796,0.032126,0.052754,0.043912,0.0005441
0.013791,-0.096937,-0.053634,-0.00021572,0.014213,0.048914,-0.10011,-0.024984,0.065512,0.046768,0.079312,-0.047627,0.11279,0.2638,0.1005,0.021818,-0.051247,0.15072,0.04328,0.1274,0.093716,0.023667,-0.12175,0.16361,0.18949,0.1502,-0.040749,-0.016511,0.0040132,0.03345,-0.043004,0.012506,-0.050408,-0.062175,-0.017063,0.03837,-0.018232,0.046543,0.05387,-0.065658,0.014637,-0.088341,-0.04991,-0.026185,0.10611,-0.11851,0.1326,0.051105,0.11213,-0.16055,0.033573,0.0057072,0.046212,-0.01869,0.018749,-0.089124,0.00876,-0.083296,0.12296,0.17572,-0.024207,-0.034533,-0.021746,-0.13786,-0.015769,0.083679,-0.029399,0.15376,0.17764,-0.13146,0.033924,-0.030296,0.046092,-0.17502
0.023271,-0.083895,-0.030924,0.024484,-0.029885,-0.026674,-0.03432,-0.020328,-0.055319,0.026382,-0.011641,-0.031028,0.021775,0.11199,-0.073139,-0.19866,-0.034038,0.14563,-0.028306,0.12625,0.25117,0.036111,-0.073644,0.093234,0.14211,0.17962,-0.027452,-0.0082285,0.1308,-0.039204,-0.020299,0.048169,-0.016185,-0.11025,0.067423,0.048333,-0.0060306,-0.017252,0.022224,0.10306,-0.010711,0.065285,0.04593,-0.033007,0.01378,-0.0056996,0.038981,-0.050525,0.015261,-0.020005,-0.04109,-0.039016,-0.1097,-0.079195,0.041835,-0.046702,-0.03829,-0.012903,0.072998,0.075877,0.019501,-0.05198,-0.019051,-0.058181,0.032767,-0.12059,0.042066,-0.091278,0.22376,0.14861,0.1414,0.012935,0.059669,0.065747
0.0011916,-0.078971,-0.013708,0.0091478,0.035187,0.066891,-0.045807,-0.081788,0.027768,0.027953,-0.019814,-0.0095357,0.042195,0.07457,-0.037343,-0.075369,-0.061666,0.058858,-0.12852,0.16685,0.065421,-0.16326,-0.04261,0.10275,0.11086,0.027836,-0.013214,0.020821,0.046838,-0.0071998,-0.023001,0.057585,0.082024,0.0786,0.10824,0.0096732,0.022217,-0.18161,-0.059555,0.054317,-0.086453,-0.011416,0.10295,0.073054,-0.032702,0.036344,-0.061013,-0.090214,0.16177,0.18602,0.10706,0.0078733,0.022612,0.12464,0.038629,0.147,0.10393,0.12912,0.023138,-0.034124,0.026199,-0.027161,0.020761,-0.08122,0.017206,0.04328,0.037218,-0.16343,-0.096014,-0.062658,-0.072207,0.033223,-0.1076,-0.026228
-0.0017515,-0.054206,-0.018125,0.011099,0.038797,0.04628,-0.0095616,-0.041549,0.013376,0.045923,-0.015751,0.014197,0.030519,0.022296,-0.016098,-0.089778,-0.028351,0.035636,-0.033823,0.15016,0.036941,-0.032472,0.0070716,0.027859,0.01904,-0.014382,-0.0082885,0.019619,0.02178,-0.019752,0.0067318,0.035615,0.10832,0.032013,0.093532,0.018406,0.0045589,-0.20515,-0.031988,0.030892,-0.066737,0.089026,0.12432,0.19633,-0.00029889,0.0073561,-0.057336,-0.029811,0.14193,0.25832,0.10261,0.054462,0.0674,0.14073,0.038862,0.23222,0.11561,0.13414,-0.0078647,-0.024155,-0.052617,0.036391,-0.065115,-0.11395,0.0078268,0.023253,0.037323,0.18385,-0.15645,0.019676,-0.091122,0.0041825,-0.12255,-0.0049644
0.010452,-0.1462,0.054532,0.0042546,0.014827,-0.019559,0.018258,0.0047128,0.059204,0.030144,-0.028305,-0.024331,-0.046922,-0.070758,-0.050355,0.047323,-0.053048,-0.08655,0.0079107,0.17751,-0.085854,-0.059869,-0.15016,-0.052889,-0.062636,-0.1019,-0.032137,0.019444,-0.063171,0.032527,-0.075253,0.056722,0.054948,-0.021828,-0.042894,0.029342,0.019599,0.058535,0.020325,-0.12813,-0.030084,-0.13588,-0.011953,0.096508,0.051758,0.028323,0.15298,-0.028284,-0.020381,-0.061878,0.011429,0.018037,0.029485,-0.019599,-0.00082243,0.031982,-0.0012954,-0.020971,0.02649,0.022263,-0.025992,0.019295,-0.034559,0.01183,-0.0017722,0.072999,0.037844,0.11599,0.093331,0.053119,0.10338,0.0073399,0.03111,-0.14572
-0.0073239,-0.14609,-0.05097,-0.0052226,-0.012209,0.017558,-0.017898,-0.0044375,-0.055719,0.030326,0.027487,-0.024443,0.044784,0.069435,0.050136,-0.05001,-0.053076,0.0843,-0.0097298,0.1769,0.088013,0.058675,-0.15012,0.051475,0.06342,0.102,-0.032626,0.020097,0.064265,-0.033937,-0.075225,0.056901,-0.056302,0.021101,-0.043116,-0.029433,-0.020169,0.058755,0.020562,0.12935,0.030536,0.13695,-0.012236,-0.098743,0.051963,0.027644,-0.15429,0.028927,-0.020282,0.061067,-0.01035,0.017907,0.029334,0.0172,-0.00065157,-0.032485,-0.0015575,0.021811,0.026402,0.022868,0.026835,0.019528,0.036977,0.011431,0.0014943,-0.072627,0.037945,-0.11811,0.093888,-0.048019,0.104,0.0070703,0.030851,0.14658
-0.017973,-0.024882,0.086212,-0.043241,0.016237,0.065501,0.032306,0.12479,0.10719,-0.022615,-0.031544,-0.08237,0.1075,-0.24421,-0.07221,0.055844,0.0032755,0.19512,0.010333,-0.037049,-0.14188,-0.058122,-0.0028411,0.14658,0.1792,-0.076794,-0.039979,0.01773,0.0010747,-0.070656,0.074731,0.0077996,-0.030942,0.0055367,0.18663,0.099229,-0.18948,0.015689,0.1232,0.083843,-0.13606,0.031911,0.029789,0.17193,-0.099151,-0.17458,-0.068205,-0.025151,-0.1974,-0.17879,0.10486,0.072192,-0.058867,0.12309,-0.026787,-0.11293,-0.39009,-0.097305,0.15517,0.048402,-0.040523,0.13632,-0.0018466,-0.050156,-0.10602,-0.061804,0.0091935,-0.07965,-0.058616,0.056529,-0.061453,0.17845,-0.11657,0.053562
-0.0074098,-0.075456,0.035438,-0.02165,-0.048545,0.028323,0.05151,0.08087,0.051942,-0.052725,0.0078864,-0.081079,0.041429,-0.16044,0.026785,0.0076555,-0.006105,0.040555,0.0062197,-0.049195,-0.072821,-0.018124,-0.011892,0.010873,0.14386,0.018258,0.06735,0.066638,0.055492,-0.057175,0.071775,0.03346,-0.054354,-0.049492,0.078041,-0.045158,0.043862,-0.07137,-0.0096749,0.031805,0.03464,-0.078124,0.033703,-0.12818,-0.11636,-0.19541,0.050458,0.012084,0.055199,0.098759,0.00072197,-0.043836,0.0077573,-0.18474,0.024392,0.048247,0.020649,0.10975,-0.0888,-0.043952,-0.19743,0.028036,-0.15775,0.12108,-0.046034,-0.065892,-0.21651,0.0087077,-0.17061,0.0076187,0.11715,0.11656,0.23022,-0.052338
-0.0039735,-0.11537,0.017891,-0.0010295,-0.028389,0.006606,0.037815,0.0078781,0.016633,-0.050726,-0.0058639,-0.10919,-0.0074929,-0.080631,-0.0024866,-0.005382,0.028117,-0.0023096,0.00053241,-0.045911,-0.040829,-0.012609,0.017884,0.01681,0.093023,0.012961,0.044749,0.089472,0.037635,-0.031696,0.09311,-0.010484,0.0053826,-0.025507,0.0060715,-0.023296,0.0068464,-0.01016,0.0090982,-0.012369,0.037593,-0.065494,0.032187,-0.11644,-0.0050938,-0.11312,0.039204,0.0091632,0.061309,0.082305,-0.028341,-0.12037,-0.0057836,-0.17121,-0.045679,0.10402,0.057679,0.14434,-0.20925,0.021349,-0.32914,0.094477,-0.083403,0.087692,-0.053979,-0.12619,1.7501e-005,-0.074345,-0.059075,-0.1442,0.050284,-0.018184,0.0464,-0.11661
0.0013319,-0.12534,0.00059949,0.0004747,0.0013087,-0.0011515,-0.0012652,-0.00077387,-0.0015005,-0.053815,-0.00064386,-0.10372,-0.00061057,2.4011e-005,-0.0020733,0.0013744,0.036619,0.0011631,-0.00026725,-0.043921,-0.00051248,0.00077968,0.022634,0.0012399,0.00017411,0.00044315,0.037542,0.077106,-0.0011226,0.00081507,0.091447,-0.038465,0.00071262,0.00069179,-0.026724,0.00080433,-0.00067077,0.023783,-0.0056953,-0.00015962,-0.00060211,-0.00034944,0.012743,-0.00068085,0.025141,-0.04508,0.00064102,0.00014294,0.0096819,0.00040815,-0.0018413,-0.13353,-0.04685,0.00015509,-0.040678,0.00095124,0.025844,-8.1989e-005,-0.19478,0.039186,-0.0016628,0.079308,0.00037097,0.020777,-0.00072617,0.00013639,0.12212,0.00033617,0.023519,0.00054375,0.025676,-0.10759,-0.049439,0.0004682
0.0066236,-0.11533,-0.016663,0.0019099,0.031096,-0.0093828,-0.040279,-0.0087761,-0.019874,-0.050667,0.0043883,-0.10927,0.0063253,0.080287,-0.0015518,0.0077508,0.028168,0.0046093,-0.00094373,-0.046475,0.040392,0.014104,0.01807,-0.014196,-0.092445,-0.011856,0.044244,0.090134,-0.039805,0.033227,0.093185,-0.010514,-0.0044246,0.026826,0.0055876,0.024076,-0.0073818,-0.010406,0.0092467,0.011551,-0.039288,0.06537,0.031834,0.11678,-0.0049809,-0.11378,-0.038975,-0.0086058,0.061397,-0.08155,0.023916,-0.12006,-0.0061745,0.17098,-0.046096,-0.10229,0.057889,-0.14575,-0.20944,0.021218,0.32721,0.094896,0.085319,0.088011,0.052358,0.1276,0.00058697,0.074593,-0.059071,0.14495,0.050604,-0.018351,0.044928,0.11639
0.0094748,-0.075483,-0.035349,0.022478,0.050428,-0.029662,-0.053926,-0.082157,-0.055673,-0.05232,-0.0087892,-0.08094,-0.041331,0.15998,-0.027752,-0.005854,-0.0058201,-0.039437,-0.0061692,-0.049938,0.072165,0.018842,-0.011628,-0.0102,-0.14345,-0.018193,0.065802,0.068592,-0.055264,0.057488,0.072017,0.033536,0.054603,0.04975,0.076609,0.044911,-0.043728,-0.071149,-0.0089257,-0.031361,-0.034422,0.078794,0.032378,0.12648,-0.1154,-0.19606,-0.049787,-0.011944,0.054497,-0.097242,-0.0031778,-0.042866,0.0066026,0.18514,0.023772,-0.047501,0.019715,-0.11042,-0.089287,-0.043733,0.19668,0.029605,0.16088,0.12004,0.044493,0.064983,-0.21375,-0.009183,-0.16949,-0.0084026,0.11842,0.11515,0.22448,0.05123
0.018622,-0.024824,-0.088151,0.04381,-0.015283,-0.064622,-0.034385,-0.12597,-0.11096,-0.022113,0.031347,-0.081987,-0.1053,0.24309,0.075521,-0.055058,0.0030083,-0.19611,-0.0096201,-0.038276,0.14129,0.056928,-0.002479,-0.14995,-0.17807,0.074751,-0.042503,0.021282,0.0031429,0.06803,0.075363,0.0087313,0.031862,-0.0073119,0.18532,-0.1007,0.19022,0.014027,0.12379,-0.082817,0.13731,-0.031068,0.028725,-0.1722,-0.098361,-0.17629,0.072352,0.023491,-0.19649,0.1797,-0.10357,0.075272,-0.059467,-0.12114,-0.027349,0.10995,-0.39021,0.099147,0.1528,0.046682,0.041219,0.13886,0.0076817,-0.050555,0.10328,0.057007,0.010351,0.080461,-0.058892,-0.057511,-0.05824,0.177,-0.12148,-0.052239
-0.014147,-0.037692,-0.045005,0.02236,0.037353,-0.074309,-0.066945,-0.12086,-0.048749,-0.052454,-0.017428,-0.03441,0.017598,0.14091,0.020549,-0.036042,-0.010067,-0.10006,-0.0090564,-0.056505,0.05793,0.0095118,0.040293,-0.033259,-0.15161,-0.030271,0.064416,0.019997,-0.013001,-0.027734,0.06879,-0.038459,-0.0064436,-0.033038,0.042903,0.030415,-0.018477,-0.0026632,0.0013164,0.0079903,0.022565,-0.044345,-0.015288,-0.0093005,-0.067112,0.038706,-0.076774,-0.045635,-0.050038,-0.070967,0.13039,0.15336,-0.046022,-0.021551,0.1354,-0.034382,-0.066161,0.063439,0.16876,-0.072851,-0.16185,-0.067822,-0.073479,-0.10661,-0.26217,0.13214,0.16273,-0.08208,-0.13484,0.076258,0.074956,-0.078854,0.13249,0.017782
-0.01701,-0.057396,-0.022648,0.011217,0.038084,-0.040746,-0.049975,-0.074322,-0.011574,-0.072096,-0.013512,-0.054379,0.030605,0.076235,-0.012387,-0.013122,0.015888,-0.049988,-0.027587,-0.091309,0.029363,-0.018264,0.071423,0.01675,-0.10169,-0.043316,0.090309,0.00016927,0.01858,-0.047463,0.0096337,-0.04913,-0.020084,-0.029427,-0.061636,0.041828,-0.075654,0.010048,-0.032979,-0.018137,-0.022982,-0.015983,-0.0010959,0.024294,-0.022082,0.091139,-0.099626,-0.020364,0.019407,-0.11165,0.13673,0.12761,-0.011854,-0.032508,0.13118,-0.049101,0.071657,0.040652,0.21075,-0.084916,-0.1346,-0.066773,-0.06887,-0.099488,-0.29453,0.10512,0.1588,-0.042176,-0.1043,0.061194,0.067489,-0.10273,0.14746,-0.017503
0.0018547,-0.10706,0.00014048,5.5695e-005,-0.001929,0.0033076,0.0024045,0.00075068,-0.00038429,-0.073444,0.0022359,-0.099062,-0.0010235,0.00041291,0.00033415,-0.00099461,0.050785,-0.00047274,-0.00042373,-0.089561,0.00078571,0.00072065,0.057702,0.00029351,-0.00076786,0.00026416,-0.0080438,0.030238,-0.0012641,0.00062745,0.052396,-0.044829,0.00079714,0.00097779,-0.059943,0.0010044,-5.9257e-005,0.030919,-0.036366,0.00052558,-0.00069769,1.8625e-005,0.014207,-0.00082846,0.099246,0.10559,0.00062115,-0.00049823,-0.047857,0.00032226,-0.00086126,-0.13127,-0.05041,0.00031623,0.040985,0.00029609,0.031441,-0.000719,-0.042147,0.058266,-0.00013698,0.04351,0.00057979,-0.0092013,0.00011994,0.00060404,0.066514,-0.0013072,0.020849,0.00040395,-0.10387,-0.058516,-0.029132,-0.00035705
0.020207,-0.057587,0.022591,-0.010926,-0.041469,0.04652,0.054188,0.075087,0.010868,-0.072156,0.017411,-0.054532,-0.032165,-0.075375,0.013018,0.011942,0.015697,0.048786,0.02673,-0.090425,-0.028409,0.01908,0.071178,-0.016409,0.1007,0.043719,0.090258,-0.00072929,-0.02043,0.048138,0.010196,-0.049486,0.02102,0.030272,-0.060218,-0.039515,0.075121,0.010269,-0.032968,0.019099,0.021512,0.016409,-0.0010235,-0.025584,-0.022335,0.091073,0.1009,0.019812,0.018867,0.1117,-0.13783,0.12602,-0.011685,0.032989,0.13076,0.049542,0.070348,-0.041287,0.21012,-0.083788,0.13348,-0.066441,0.069277,-0.099425,0.29285,-0.1039,0.15856,0.041849,-0.10363,-0.060468,0.066688,-0.10323,0.14906,0.017649
0.016112,-0.037943,0.044385,-0.022011,-0.039108,0.07786,0.069061,0.12082,0.047427,-0.052767,0.0195,-0.034961,-0.017619,-0.14057,-0.019575,0.035984,-0.010298,0.098618,0.0083816,-0.05521,-0.057404,-0.0094958,0.039897,0.033063,0.1518,0.030103,0.064151,0.018138,0.013737,0.027153,0.068735,-0.03897,0.0065159,0.031735,0.045331,-0.029209,0.017219,-0.002196,0.0012537,-0.0071035,-0.024047,0.046074,-0.014848,0.010472,-0.067743,0.038766,0.077234,0.045611,-0.050721,0.069578,-0.12961,0.15131,-0.045816,0.021323,0.13425,0.034458,-0.068025,-0.063492,0.16805,-0.070523,0.16071,-0.067563,0.073398,-0.10624,0.25834,-0.13232,0.16183,0.084938,-0.13344,-0.076394,0.07323,-0.078624,0.13568,-0.017246
2.571e-005,-0.058689,0.034218,-0.012972,-0.016139,0.013649,0.032765,0.08269,0.013876,-0.069869,-0.011271,-0.056252,-0.011725,-0.069373,-0.0012583,-0.0088926,0.016279,0.066393,0.043657,-0.064699,-0.012351,0.015177,0.046236,0.011541,0.1215,0.039149,0.10425,-0.024473,0.043431,-0.0085745,0.019496,-0.075177,-0.022791,-1.7266e-005,-0.02565,-0.072928,0.069056,-0.022156,-0.0019095,-0.0051194,0.081146,-0.067861,-0.085067,-0.032322,-0.093481,0.048802,-0.026575,0.0094697,0.025521,0.077837,-0.026364,0.11685,0.16021,-0.027604,-0.12827,-0.035909,0.043853,0.1131,0.056354,-0.12049,0.11229,-0.090477,0.095412,0.00080508,-0.13425,0.28436,-0.14111,0.10395,0.17235,0.050969,-0.098269,0.059846,-0.10933,0.034211
0.0012965,-0.116,5.8087e-005,0.00032328,-0.00016,0.00078688,0.00039405,0.00044124,-0.00096607,-0.063222,0.0005592,-0.10057,-0.00070375,-6.2913e-005,-0.00058133,0.00021162,0.047192,4.1186e-005,-0.00042017,-0.067455,0.00013292,9.4599e-005,0.05386,0.00094059,-0.00016638,0.0011778,0.027677,0.046184,0.00071021,-0.00065378,0.069102,-0.048706,-0.00066968,-0.00068773,-0.044017,-0.001142,0.0014021,0.040586,-0.034066,-0.0026416,0.0023003,-0.0017508,0.0022301,0.0033424,0.077772,0.038658,-0.0022675,0.0010319,-0.018482,-0.00046652,0.00030939,-0.14013,-0.040882,-0.00021123,-0.0075198,4.7283e-006,0.03455,0.00023307,-0.094191,0.034378,-0.00038695,0.041935,-0.00032303,-0.0067303,0.00068601,-5.9234e-005,0.092673,-0.00092133,0.041189,6.5377e-005,-0.055498,-0.1016,-0.016651,-0.00023113
0.0021872,-0.05861,-0.034465,0.013509,0.0161,-0.012111,-0.032504,-0.081913,-0.016286,-0.06968,0.012017,-0.056092,0.010876,0.068877,0.0010267,0.0093474,0.016224,-0.066269,-0.043824,-0.065405,0.012729,-0.01526,0.04646,-0.010508,-0.12114,-0.037861,0.10346,-0.023533,-0.041444,0.0069408,0.019389,-0.074838,0.021261,-0.0014544,-0.026163,0.070389,-0.066334,-0.022372,-0.0016737,0.0011521,-0.077032,0.065959,-0.085447,0.038204,-0.093161,0.047822,0.022639,-0.0074207,0.025729,-0.078657,0.02735,0.11766,0.1596,0.027511,-0.12836,0.035668,0.043803,-0.11305,0.056152,-0.121,-0.1118,-0.089868,-0.095374,0.0009126,0.13514,-0.28504,-0.14081,-0.10503,0.17229,-0.050963,-0.097541,0.059794,-0.11134,-0.034343
0.0057888,-0.060449,-0.031871,0.015679,0.012918,-0.0096846,-0.023627,-0.08141,-0.01687,-0.071691,0.020588,-0.053823,-0.00044711,0.074239,-0.0030799,0.0077898,0.013913,-0.073806,-0.050855,-0.063099,0.0035621,-0.0092952,0.029145,0.00075245,-0.12283,-0.031113,0.11406,-0.021309,-0.045376,-0.0055361,0.013848,-0.073684,-0.0080555,-0.025106,-0.031188,0.064953,-0.051125,-0.028393,-0.0045786,-0.034466,-0.056786,0.066892,-0.085936,0.087142,-0.10466,0.039279,-0.010067,0.022729,0.04957,-0.08415,0.0041334,0.11431,0.16783,0.032742,-0.16887,0.072147,0.026646,-0.1423,0.035754,-0.10113,-0.13746,-0.10064,-0.068182,0.02045,0.12884,-0.29475,-0.15253,-0.11262,0.19202,-0.028377,-0.041631,0.055965,-0.12257,-0.022256
0.0013185,-0.11948,0.00027397,0.0001974,0.00051045,-0.00023158,-0.00054744,-0.00041465,-0.0013247,-0.059834,-0.00013692,-0.09908,-0.00051246,-0.00011784,-0.00098709,0.00095154,0.041123,0.00028858,-0.000603,-0.057581,-0.00029492,0.00045624,0.040202,0.00065715,-0.00044151,-0.00021176,0.038264,0.053418,-0.001022,0.00033722,0.074865,-0.051725,-0.00020614,0.0011073,-0.036115,-0.00014948,-0.00054009,0.030065,-0.028055,0.0011334,-0.00057633,0.00018302,0.005602,-0.0017318,0.060356,0.017755,0.00056,-0.0010092,0.0048994,4.6539e-005,0.0030818,-0.14752,-0.032006,-0.00062302,-0.033351,-0.0011947,0.044215,0.0011729,-0.11821,0.052473,0.0013022,0.042997,-0.0032295,-0.0013483,0.001207,-2.7358e-005,0.10891,0.00050087,0.042832,-0.0010073,-0.03121,-0.096905,-0.026949,0.00011636
-0.0034211,-0.06048,0.031949,-0.01542,-0.011854,0.0095579,0.022515,0.080815,0.013754,-0.071853,-0.020734,-0.053974,-7.2972e-005,-0.074812,0.0022106,-0.0061659,0.013844,0.074484,0.050374,-0.062377,-0.0040466,0.0098566,0.029069,-0.00023573,0.12255,0.030092,0.11495,-0.022191,0.044323,0.0053768,0.01383,-0.074005,0.00708,0.027095,-0.030685,-0.066157,0.050961,-0.028293,-0.0048587,0.036928,0.056387,-0.065778,-0.085529,-0.089989,-0.10524,0.040224,0.010665,-0.024355,0.049488,0.083831,0.0020433,0.11377,0.16876,-0.033425,-0.16895,-0.075021,0.026956,0.14398,0.036191,-0.10094,0.141,-0.10129,0.063849,0.020478,-0.12636,0.29437,-0.1533,0.11361,0.1921,0.02654,-0.042676,0.055974,-0.12053,0.021529
0.0012863,-0.11801,0.00012185,0.00025852,0.00015406,0.00028328,-9.3867e-005,1.3024e-005,-0.0011592,-0.059799,0.00021566,-0.10161,-0.00051016,-0.00010885,-0.00078982,0.00046981,0.044741,0.00019865,-0.00044027,-0.059291,-0.00011901,0.00029635,0.045509,0.00075169,-0.00029312,0.00049277,0.036262,0.052511,-0.00010438,-0.00022827,0.068862,-0.049688,-0.00044436,0.00022169,-0.041591,-0.0006144,0.0005589,0.031414,-0.033688,-0.00074514,0.00085875,-0.00075234,0.010369,0.00087158,0.076756,0.032904,-0.00063857,-5.3722e-005,-0.0069636,-0.00031514,0.0015666,-0.1406,-0.037808,-0.00047355,-0.02608,-0.00045272,0.034832,0.00076676,-0.11038,0.040544,0.00013166,0.05013,-0.0017984,0.001562,0.00086436,-0.00013233,0.096368,-0.00020735,0.047232,-0.00049131,-0.038999,-0.10573,-0.018024,4.4774e-005
0.0021645,-0.22555,0.0028172,-0.00019915,0.0016334,-0.0014643,0.00011239,4.9459e-005,0.0029027,0.024453,-0.00069148,5.7408e-005,-0.0018191,-0.00048165,-0.0015051,-0.0028542,-0.091494,-0.0012538,0.00018159,0.26749,0.0019932,-0.00087539,-0.27418,-0.0014522,0.00074528,-0.00016355,-0.046159,0.061616,-0.00046917,-0.00028946,-0.14927,0.11484,0.00091597,-0.0027747,-0.30681,0.0010095,0.00031526,0.19951,-0.04845,-0.0013758,0.00047816,-0.0022076,-0.094204,0.00093305,-0.16469,0.2748,0.0038468,-0.00030232,-0.23721,0.0013551,8.7708e-005,0.06721,-0.095988,0.0035539,-0.060052,-0.0018384,-0.10564,-0.0013772,-0.070703,-0.28054,0.00020885,0.068123,-0.0017509,0.29061,-0.0013212,-0.00060991,-0.022402,-0.00023296,-0.28589,-0.0037267,-0.10039,0.012285,-0.047529,0.00023644
-0.096928,-0.022061,-0.13488,-0.16395,-0.087223,-0.092063,0.077043,-0.053867,0.081637,-0.14381,0.17432,-0.047461,-0.017784,0.028738,-0.19279,0.19183,-0.061277,0.0081775,-0.11495,-0.045774,0.20913,0.14606,0.15704,-0.025743,0.19563,-0.34642,0.16233,-0.082065,-0.0038207,0.028647,0.098644,0.47548,-0.0060878,-0.046706,-0.10672,0.0037404,0.010254,0.046769,-0.0075406,-0.060381,0.085359,-0.0053798,-0.037065,-0.074119,0.12438,-0.10255,-0.11384,-0.026065,0.05712,0.043192,-0.012641,0.10451,-0.22429,0.082033,-0.098243,-0.020277,0.067725,0.0040989,0.092455,-0.0072874,0.0013994,-0.0066262,0.006332,0.053535,-0.0089725,-0.039888,-0.0044451,0.029068,0.037339,0.016767,-0.035284,0.05428,0.0058585,-0.034472
-0.05083,-0.033613,-0.096871,-0.11895,-0.027338,-0.072956,-0.022623,-0.0066402,0.058485,-0.16135,0.14392,-0.041266,0.15602,-0.07673,-0.206,-0.010608,-0.36301,-0.086372,0.12855,0.013657,0.043184,-0.10439,0.25015,-0.028762,-0.038224,0.10073,-0.13025,0.11287,-0.040137,0.034472,-0.017861,0.098164,0.081017,0.092472,0.0031257,-0.083137,-0.028806,0.055428,0.051601,0.069166,0.10532,0.18621,0.038329,0.24808,-0.083043,-0.016903,0.18728,-0.17989,-0.21781,0.018012,-0.0053117,-0.13733,0.31314,-0.25808,0.11805,-0.037554,0.035497,-0.060474,-0.003817,-0.0019646,-0.010367,-0.055753,0.014992,-0.040872,0.010864,0.11131,0.021428,-0.062782,0.010126,-0.038186,0.046788,-0.050117,-0.03589,-0.031939
-0.018537,-0.02089,-0.093947,-0.071033,-0.0033168,-0.045003,-0.027125,-0.010203,0.035372,-0.13204,0.19339,-0.074551,0.20648,-0.049482,-0.17135,-0.045353,-0.32371,-0.10155,0.21244,0.039973,-0.05796,-0.23743,0.1586,-0.004252,-0.051342,0.20723,-0.05613,0.0033734,-0.031077,0.044813,-0.087153,-0.3571,0.01717,-0.0099793,-0.027609,0.037865,-0.018214,0.026945,0.029236,-0.069796,-0.038392,-0.11658,-0.051956,-0.23886,0.06644,0.046922,-0.17045,0.14637,0.23199,0.0036365,0.027797,0.063424,-0.26788,0.16764,-0.10987,0.031124,-0.080618,0.034368,0.016889,-0.0022609,0.052811,0.071822,-2.0954e-005,0.042837,-0.020279,-0.1091,-0.051573,0.061151,-0.03739,0.044089,-0.007448,0.062969,0.043006,0.015657
0.015295,-0.0065803,-0.094411,0.033581,0.025332,0.024245,-0.093189,-0.08338,-0.13225,-0.0099656,0.0060632,-0.10122,0.13147,-0.04938,0.11411,-0.033031,0.0091068,-0.040141,0.054462,0.082708,-0.025861,-0.11473,-0.052492,-0.092561,0.094834,-0.18919,0.34262,-0.22313,0.10308,-0.053746,-0.031952,-0.16302,-0.01491,-0.25576,0.04066,0.048585,-0.091508,0.15015,0.062411,0.033774,-0.08813,-0.03223,0.0061287,0.001905,0.0030231,-0.13084,0.026177,0.02231,-0.10816,-0.042992,-0.13214,-0.13775,0.0038121,0.0044071,0.11526,0.1524,0.13182,-0.088428,0.10569,0.015487,0.0082351,0.051486,-0.1681,0.1177,0.18163,0.24961,0.10477,-0.029031,-0.03808,0.090451,0.031395,0.039363,-0.24349,-0.00012075
-0.064264,0.027331,-0.10879,0.078076,-0.09048,-0.24655,0.026241,-0.075511,0.0030194,0.024245,0.017621,-0.35066,0.11883,-0.099834,0.18893,-0.22492,0.0079899,-0.043587,-0.10816,-0.19723,-0.018407,0.11045,-0.11961,0.016967,0.077313,-0.025609,-0.11316,-0.18167,-0.12196,0.14526,-0.28863,0.046374,-0.043342,0.11656,0.031364,0.16553,-0.033498,-0.041831,0.012118,-0.011798,-0.036241,-0.063145,0.023609,0.1237,0.082079,-0.080474,0.006679,0.14677,-0.030307,0.011576,-0.044576,0.056003,0.028926,-0.023366,0.00466,-0.14438,0.00098531,0.17813,-0.090974,-0.20375,-0.0022756,0.096845,0.010573,-0.13142,0.093398,0.024789,0.0080222,-0.069988,0.016312,-0.040293,0.0053495,-0.03579,0.022273,-0.022993
-0.10195,0.035973,-0.15248,0.11144,-0.079089,-0.16143,0.018515,0.042742,0.097196,-0.0072547,-0.078733,-0.24834,0.035121,-0.062881,0.079519,-0.076169,0.0176,0.018821,-0.14685,-0.079694,-0.036483,0.089032,-0.093567,-0.0051692,0.035888,0.11258,-0.12645,-0.074998,-0.090688,-0.17544,0.057818,0.038478,0.071263,0.086347,0.18709,-0.013648,0.12487,0.089348,-0.063685,-0.081343,0.072284,-0.013771,-0.093731,-0.10557,-0.1159,0.16094,-0.025768,-0.1841,0.031541,-0.052957,0.098546,0.14777,-0.015375,0.041249,-0.018047,0.1488,0.044366,-0.24119,-0.089448,0.23655,0.014203,-0.19778,0.012765,0.12118,-0.067726,-0.029804,0.0086063,0.046806,-0.10954,0.036257,0.051929,-0.08125,-0.084131,0.028068
-0.062945,0.020269,-0.15706,0.18613,-0.10543,-0.0088713,0.015751,0.054295,0.22472,-0.0024328,-0.17267,-0.11276,-0.088697,0.14645,-0.074089,0.082682,0.022202,0.051218,0.045046,0.01194,-0.029087,-0.089451,-0.026911,-0.022034,-0.062458,-0.019103,-0.033124,0.0039776,0.055783,-0.046215,0.10731,0.0311,0.023535,-0.037788,0.15361,0.0059704,-0.017659,0.16958,-0.0029655,0.071269,-0.048936,0.021188,-0.057468,0.021153,-0.02959,0.042065,-0.028644,0.0032251,-0.016133,0.075204,-0.029637,0.085156,-0.065568,-0.025095,0.10423,-0.017631,0.057039,-0.024249,-0.17124,-0.0023952,-0.010593,-0.11126,0.036682,-0.14866,-0.028443,0.018136,-0.041999,0.090586,0.0021564,-0.044969,-0.046785,0.048722,-0.0044999,-0.0063394
-0.034131,0.00078349,-0.15968,0.20928,-0.11019,0.030708,0.0056945,0.11733,0.20727,0.0013855,-0.20371,0.00044852,-0.14901,0.19013,-0.15706,0.038834,-0.00072923,0.11099,0.17995,0.0021815,0.011021,-0.09642,-0.0010959,-0.017236,-0.081247,-0.093875,0.0024381,0.0005452,0.1013,0.21875,0.0012513,-0.0007543,-0.097766,-0.067621,0.00095858,-0.17583,-0.10223,0.00023886,0.00090742,0.0046931,-0.0084246,0.082503,-0.00092107,-0.020917,-0.0020086,-0.0037626,0.03534,0.092261,0.00083061,-0.03567,-0.04679,0.002297,0.001662,0.022511,-0.0032149,-0.079899,-0.0003876,0.18129,-0.0014357,-0.002332,0.0030075,5.8924e-006,-0.090676,0.0002664,0.070747,-0.041076,0.0020525,-0.1987,-7.6153e-006,0.056367,0.0040501,-0.0034575,0.0016206,-0.03075
-0.064446,-0.020757,-0.1574,0.18641,-0.10412,-0.0068253,0.013647,0.057698,0.22259,0.0055007,-0.17437,0.10901,-0.089321,0.14553,-0.074078,0.079427,-0.02075,0.049572,0.049374,-0.0099018,-0.025609,-0.086795,0.025625,-0.025391,-0.058403,-0.020236,0.032626,0.0022159,0.055203,-0.039444,-0.10005,-0.032416,0.021436,-0.034191,-0.15328,0.0020202,-0.018261,-0.16612,0.0042084,0.070091,-0.050036,0.019866,0.055424,0.021303,0.029508,-0.041588,-0.028009,0.0018079,0.016542,0.071704,-0.026888,-0.085916,0.064903,-0.023536,-0.10282,-0.012213,-0.055127,-0.025196,0.17325,-0.0020595,-0.011169,0.11337,0.036982,0.14514,-0.030357,0.017324,0.041052,0.089395,-0.00035017,-0.045088,0.042394,-0.04742,0.0056599,-0.0060899
-0.10593,-0.038447,-0.15329,0.11165,-0.074497,-0.15657,0.01468,0.046613,0.096605,0.01005,-0.079635,0.24369,0.035406,-0.061702,0.07741,-0.076141,-0.016579,0.015539,-0.14688,0.077134,-0.034391,0.090906,0.092686,-0.0082587,0.037097,0.11281,0.1254,0.078966,-0.092475,-0.17717,-0.056197,-0.038483,0.070089,0.087742,-0.18972,-0.0083157,0.12452,-0.093566,0.062433,-0.081165,0.070113,-0.016374,0.095159,-0.10388,0.11406,-0.15929,-0.028318,-0.18296,-0.030431,-0.04827,0.097827,-0.14874,0.016497,0.037456,0.016948,0.14425,-0.045756,-0.24192,0.09552,-0.23242,0.014254,0.19706,0.012974,-0.11547,-0.067606,-0.031246,-0.007652,0.048262,0.11033,0.036787,-0.049261,0.081439,0.083415,0.028053
-0.069535,-0.031856,-0.1091,0.077876,-0.085797,-0.24334,0.024427,-0.072695,0.0033889,-0.022176,0.01905,0.34839,0.1186,-0.099407,0.18658,-0.22455,-0.0069018,-0.046326,-0.11157,0.1945,-0.019472,0.11231,0.11926,0.018472,0.077364,-0.02411,0.11587,0.18205,-0.12162,0.14106,0.28561,-0.046902,-0.041225,0.11551,-0.03489,0.16563,-0.032553,0.037629,-0.012612,-0.012402,-0.033939,-0.060802,-0.021352,0.12131,-0.081255,0.080086,0.009336,0.14632,0.029108,0.0074925,-0.045886,-0.056354,-0.027849,-0.020452,-0.0036231,-0.14273,-0.0036347,0.18079,0.089957,0.20245,-0.0024816,-0.096774,0.0094185,0.12839,0.095934,0.027261,-0.0087328,-0.073149,-0.015945,-0.040769,-0.0068623,0.036151,-0.020235,-0.02418
0.010265,0.00054691,-0.09322,0.033613,0.028514,0.023471,-0.091344,-0.083962,-0.13211,0.01102,0.0094644,0.10336,0.13012,-0.049497,0.11353,-0.034874,-0.0084755,-0.041125,0.052063,-0.082708,-0.027353,-0.11323,0.053413,-0.088097,0.092981,-0.18893,-0.33799,0.22286,0.10429,-0.049654,0.031736,0.1615,-0.014489,-0.25797,-0.041183,0.046141,-0.092569,-0.15065,-0.062755,0.034985,-0.087446,-0.03082,-0.0061469,0.0026423,-0.0037087,0.13076,0.02833,0.024668,0.10596,-0.043546,-0.13286,0.1394,-0.0053264,0.0059182,-0.11323,0.15198,-0.13335,-0.085156,-0.10868,-0.012399,0.0085589,-0.054301,-0.16764,-0.11979,0.17937,0.24852,-0.10533,-0.026372,0.036996,0.090676,-0.031926,-0.038978,0.24257,0.0018472
-0.022732,0.014326,-0.091798,-0.070929,-0.00019039,-0.046064,-0.024128,-0.012397,0.034124,0.13244,0.1963,0.076881,0.20495,-0.04892,-0.17048,-0.046346,0.32359,-0.10029,0.21236,-0.040972,-0.058547,-0.23788,-0.15672,-0.0023653,-0.052423,0.20656,0.056581,-0.0030349,-0.029359,0.047809,0.086496,0.35655,0.015768,-0.013388,0.029071,0.035677,-0.018907,-0.026465,-0.028151,-0.068998,-0.039574,-0.11793,0.050613,-0.23841,-0.0665,-0.046818,-0.17121,0.14497,-0.23212,0.0068075,0.029899,-0.060474,0.26687,0.16504,0.10995,0.031466,0.080098,0.029099,-0.019704,0.0040229,0.053738,-0.073479,-0.00011498,-0.044986,-0.020593,-0.10987,0.050575,0.061603,0.036973,0.044597,0.0080781,-0.062877,-0.043788,0.015587
-0.054008,0.027314,-0.094068,-0.1194,-0.025219,-0.07388,-0.019781,-0.0088606,0.057443,0.16179,0.14633,0.043532,0.15488,-0.075779,-0.20457,-0.010473,0.36322,-0.083077,0.1308,-0.01486,0.044132,-0.10612,-0.24845,-0.030954,-0.038163,0.10078,0.12832,-0.11397,-0.04036,0.03337,0.017152,-0.096832,0.079635,0.093139,0.00047393,-0.082996,-0.027876,-0.054129,-0.0506,0.069407,0.10427,0.18522,-0.039852,0.24674,0.082882,0.016438,0.18514,-0.18156,0.21847,0.020109,-0.0043045,0.13858,-0.31217,-0.25917,-0.11872,-0.037868,-0.034799,-0.063615,0.0042079,0.0010659,-0.01123,0.056199,0.01601,0.0419,0.011844,0.11264,-0.020735,-0.064895,-0.0098124,-0.040309,-0.04602,0.050063,0.035249,-0.034178
-0.099231,0.016131,-0.13159,-0.16488,-0.085818,-0.093425,0.08021,-0.056636,0.080662,0.14435,0.17519,0.048826,-0.019185,0.030433,-0.19162,0.19313,0.062514,0.012977,-0.11066,0.044628,0.21213,0.14356,-0.1559,-0.030153,0.19614,-0.34643,-0.16659,0.078744,-0.0051783,0.025114,-0.099114,-0.47488,-0.0051323,-0.042361,0.11182,0.0063751,0.011765,-0.044541,0.0080668,-0.061583,0.086329,-0.0038574,0.035803,-0.072683,-0.1237,0.10189,-0.11293,-0.025913,-0.054382,0.039484,-0.014898,-0.10726,0.225,0.083518,0.098044,-0.020061,-0.065717,0.0086176,-0.088143,0.0032398,0.00079233,0.0091035,0.0046104,-0.050028,-0.0089061,-0.040749,0.0051964,0.02951,-0.037508,0.018321,0.034218,-0.055801,-0.0051611,-0.033501
-0.16612,0.0033236,0.090973,0.1175,-0.16216,0.096639,-0.29977,-0.11164,0.073166,0.2815,0.15484,-0.10471,-0.19098,-0.21167,0.070065,0.090438,-0.15143,0.14363,-0.14689,0.1061,0.088002,-0.044996,0.16883,-0.15585,-0.086401,0.16292,-0.064081,-0.27546,0.012125,0.075706,0.19389,-0.012276,-0.013512,-0.035156,-0.11697,-0.0062518,-0.14654,-0.17247,-0.16092,-0.018378,-0.0064011,-0.074295,-0.21579,0.010111,-0.02345,-0.065651,-0.028987,-0.075795,-0.063756,-0.038221,-0.017068,0.075281,0.030843,0.0066002,0.13708,0.0086849,-0.03346,0.052939,-0.10399,0.0035964,0.0066453,0.066617,0.0051116,0.097881,0.012742,0.0088789,0.087143,0.036643,0.082235,-0.016156,-0.076729,0.053894,0.073163,0.0068802
-0.09932,0.016701,0.10355,0.14356,-0.041026,-0.046762,-0.071778,0.20258,-0.062844,0.20894,0.082441,-0.059693,0.032857,0.0040972,0.079524,-0.027936,-0.10884,0.048421,0.078082,-0.014502,0.14133,-0.074835,0.041991,0.10991,-0.062977,-0.14456,0.11034,-0.034307,-0.24688,-0.17202,0.009357,0.072385,-0.00051642,-0.020669,0.041701,-0.15121,0.082443,-0.0068842,0.063943,0.098461,-0.041075,0.077073,-0.047729,-0.012739,0.071294,0.13343,0.0048486,0.24139,0.10316,0.043522,0.028838,-0.1535,-0.018865,-0.00052564,-0.11322,0.02211,-0.071413,-0.060119,0.066318,-0.025756,-0.044226,-0.065398,0.0079654,-0.10185,-0.042576,0.069033,0.0045836,-0.047283,-0.15953,-0.15443,0.049975,-0.012442,-0.078763,0.13153
-0.067494,0.020766,0.15503,0.1315,-0.015874,-0.023533,0.10269,0.12531,-0.08928,0.1195,-0.019081,0.007532,0.14623,0.12555,-0.018462,-0.092782,-0.14839,0.0075494,-0.032009,-0.093368,-0.01926,0.00058758,-0.035874,-0.0045054,-0.021093,-0.046243,0.12823,0.051624,-0.11386,-0.076695,-0.032025,0.05569,0.10381,-0.037903,0.080301,-0.22402,-0.14405,0.076479,-0.083124,-0.032541,-0.054954,-0.14823,0.039299,0.020849,-0.024864,0.084343,-0.027139,-0.20876,0.0093659,-0.017151,-0.099807,-0.058005,0.024587,0.0070949,-0.050518,-0.091623,-0.089408,0.10249,0.0047287,0.013929,-0.012172,0.027965,0.019798,-0.025805,0.074966,-0.12033,-0.089531,0.095117,0.037189,0.19963,0.023444,-0.095836,0.030673,-0.16435
-0.068673,0.02116,0.1741,0.11118,-0.017895,0.086447,0.1058,-0.070999,-0.012389,0.073306,-0.071296,0.037644,0.21055,0.13489,-0.13872,0.0073066,-0.11476,0.082535,-0.16275,-0.10052,-0.21035,0.05014,-0.029308,-0.2808,0.086793,0.064115,0.12454,0.045376,-0.056038,0.10609,0.0048445,0.024273,-0.12935,-0.061658,0.043736,0.070737,0.047069,0.19588,-0.065603,0.0054531,0.12057,0.14838,0.2744,0.0066211,0.040878,0.053779,0.039317,0.16116,0.19737,0.022771,0.06978,0.25148,0.16061,-0.016906,0.16838,0.087715,-0.082101,-0.045288,-0.08003,0.054947,0.073035,0.20536,-0.022528,0.15726,-0.087026,0.0041306,0.1248,-0.045208,0.099665,-0.014834,-0.11556,0.028267,-0.0090243,-0.021174
-0.087591,0.017975,0.15651,0.13133,-0.044711,-0.0051463,0.094947,-0.020774,-0.023507,0.13721,-0.039945,0.0046334,0.040211,0.073541,-0.028148,0.03478,-0.11977,-0.1414,0.10242,-0.10995,-0.083255,0.050984,-0.02679,0.087954,0.064855,0.010967,0.092603,0.026397,0.20282,0.055085,-0.013212,0.075613,0.016905,0.074017,0.0045711,0.11106,-0.004568,0.11787,0.057978,-0.12853,-0.047441,-0.030937,0.042633,-0.058324,-0.058906,0.06397,-0.085778,-0.22651,0.026139,-0.029399,-0.0041855,-0.053845,0.006847,0.024685,-0.052136,-0.087846,0.0079761,0.024157,0.0073719,0.027299,-0.11684,0.06476,0.045956,-0.026598,0.12782,0.12298,-0.1247,-0.024641,0.0078906,-0.17757,-0.029005,-0.053548,0.093838,0.27972
-0.10866,0.011969,0.13735,0.15631,-0.065592,-0.048949,-0.044165,0.013713,-0.014766,0.19983,0.022374,-0.038792,-0.10687,-0.034295,0.052109,0.069871,-0.14041,-0.15729,0.14839,-0.034868,0.012418,-0.025058,0.029535,0.18638,0.049535,-0.059639,0.10908,0.0086581,0.2104,0.018802,-0.0023616,0.059201,0.05477,0.12258,0.071496,0.21274,0.15175,0.031321,-0.021068,0.079118,0.065138,0.040085,-0.053259,0.024386,0.059283,0.10581,0.071063,0.10019,-0.02259,-0.0042475,0.051455,-0.10225,0.0060843,-0.027092,-0.15293,0.076735,-0.0044691,-0.066264,-0.004402,0.00025967,0.10519,0.026393,-0.058029,-0.13158,-0.056742,-0.089365,-0.014177,0.0056749,-0.09009,0.16227,0.081814,0.026162,-0.085685,-0.20724
-0.1647,-0.0043443,0.087407,0.12067,-0.15749,0.095027,-0.29737,-0.10671,0.072734,-0.28178,0.15689,0.10317,-0.19105,-0.21298,0.070819,0.091977,0.15141,0.14582,-0.14835,-0.10452,0.088655,-0.048386,-0.16762,-0.15619,-0.087907,0.16271,0.061829,0.27258,0.010379,0.079385,-0.19353,0.01187,-0.016594,-0.038954,0.11335,-0.0017407,-0.14039,0.17547,0.15608,-0.017647,-0.0081561,-0.074303,0.22132,0.010698,0.015468,0.063638,-0.02956,-0.080957,0.063157,-0.040612,-0.017946,-0.074686,-0.033459,0.0056075,-0.13994,0.010087,0.036932,0.055898,0.10599,-0.0011691,0.0078803,-0.062958,0.005469,-0.10276,0.011867,0.0079631,-0.089084,0.036926,-0.082284,-0.016947,0.077367,-0.055957,-0.074396,0.0066999
-0.09828,-0.016637,0.10058,0.14652,-0.036639,-0.04774,-0.067039,0.204,-0.063238,-0.20924,0.082803,0.055599,0.033198,0.0037688,0.08036,-0.025883,0.11136,0.048427,0.076389,0.018772,0.14327,-0.075343,-0.038608,0.10846,-0.063411,-0.14355,-0.11131,0.031767,-0.24377,-0.1729,-0.0073188,-0.071864,0.0016454,-0.01669,-0.045106,-0.15095,0.075112,0.0090746,-0.058479,0.10241,-0.036583,0.07201,0.052784,-0.012265,-0.069783,-0.13279,0.0047809,0.24348,-0.099105,0.042829,0.027047,0.15283,0.020025,-0.0013091,0.11634,0.024678,0.066723,-0.061331,-0.067428,0.023217,-0.04167,0.061194,0.0060136,0.10261,-0.043897,0.068789,-0.0079923,-0.047545,0.15857,-0.15719,-0.047269,0.010977,0.076832,0.13273
-0.067578,-0.019873,0.15364,0.13477,-0.012977,-0.019497,0.10458,0.12,-0.087764,-0.12061,-0.021676,-0.011068,0.14758,0.12118,-0.019501,-0.093744,0.14986,0.0089148,-0.030416,0.09705,-0.017274,0.0027344,0.038393,-0.0051386,-0.020884,-0.046591,-0.12588,-0.050093,-0.11475,-0.074204,0.028475,-0.054222,0.11266,-0.0397,-0.079439,-0.22572,-0.13936,-0.079251,0.09181,-0.030501,-0.055514,-0.14842,-0.041062,0.019917,0.022258,-0.080974,-0.030204,-0.20669,-0.010194,-0.019907,-0.099364,0.060393,-0.023696,0.0056948,0.048548,-0.094637,0.092651,0.10159,-0.0055603,-0.010014,-0.013104,-0.023223,0.01992,0.026102,0.075675,-0.11997,0.091998,0.09495,-0.037068,0.19904,-0.025867,0.09622,-0.027908,-0.16525
-0.069008,-0.019946,0.17331,0.11379,-0.016968,0.089143,0.10675,-0.077603,-0.0098008,-0.075188,-0.072211,-0.039184,0.21137,0.13325,-0.13963,0.0086391,0.11435,0.079498,-0.15999,0.10176,-0.2097,0.051994,0.02913,-0.278,0.087184,0.064857,-0.12231,-0.041354,-0.060055,0.1034,-0.010352,-0.021899,-0.13791,-0.061391,-0.043084,0.069065,0.048485,-0.19554,0.061983,0.010762,0.12229,0.14519,-0.27956,0.0078856,-0.046522,-0.057035,0.040718,0.15884,-0.1921,0.023108,0.067826,-0.25498,-0.16224,-0.014098,-0.16396,0.088468,0.078711,-0.04458,0.079667,-0.055643,0.072565,-0.20753,-0.021876,-0.15727,-0.086445,0.0038015,-0.12274,-0.045077,-0.098082,-0.013571,0.11256,-0.028937,0.0074221,-0.020527
-0.087811,-0.017551,0.15486,0.13418,-0.042592,-0.00385,0.097453,-0.023569,-0.022561,-0.13899,-0.040746,-0.0075631,0.0408,0.07082,-0.026767,0.036006,0.12061,-0.14238,0.10405,0.11357,-0.080985,0.052452,0.028203,0.089886,0.065546,0.01186,-0.090259,-0.023112,0.20189,0.05246,0.011458,-0.076305,0.015364,0.073364,-0.0016325,0.10997,-0.0080664,-0.11833,-0.063776,-0.13768,-0.051726,-0.026117,-0.044773,-0.059112,0.065028,-0.063464,-0.084849,-0.22624,-0.02928,-0.027609,-0.0051853,0.056652,-0.0060954,0.021995,0.054994,-0.086804,-0.0068271,0.025638,-0.0052521,-0.026567,-0.11194,-0.061081,0.044284,0.027514,0.1248,0.12177,0.11827,-0.02517,-0.0086848,-0.17844,0.032492,0.051441,-0.094482,0.27913
-0.10806,-0.012124,0.13462,0.15909,-0.062155,-0.049056,-0.041633,0.015158,-0.014844,-0.20049,0.023218,0.03598,-0.10686,-0.036443,0.053037,0.071563,0.14082,-0.15602,0.14767,0.038141,0.014389,-0.02589,-0.027886,0.18533,0.048633,-0.058029,-0.10911,-0.0064705,0.21178,0.019844,0.0012542,-0.059792,0.052479,0.12456,-0.069501,0.21219,0.15045,-0.029787,0.01621,0.07641,0.066131,0.042803,0.057415,0.02322,-0.055536,-0.10735,0.074227,0.1025,0.020323,-0.0012972,0.055617,0.10288,-0.0050274,-0.023282,0.14609,0.073367,0.0037563,-0.068228,0.0037178,-0.0017638,0.098145,-0.031533,-0.055802,0.13223,-0.05281,-0.086481,0.020175,0.0062038,0.09026,0.16657,-0.083902,-0.022369,0.087508,-0.20825
-0.09767,-0.010927,-0.087798,-0.13914,0.007169,0.056509,0.024126,0.0045637,-0.044318,-0.12237,-0.097921,0.009214,-0.084496,-0.019556,0.05307,-0.00010179,0.077088,0.049492,0.0143,0.029542,-0.016298,-0.064608,0.013711,0.057786,-0.0021473,-0.0017151,0.017557,-0.071547,-0.070805,0.037681,0.028442,0.062525,0.0024816,-0.073935,-0.031565,0.033081,-0.021967,0.027297,-0.072163,-0.041189,0.09492,-0.016574,-0.05928,-0.029777,0.042642,0.088343,0.0441,0.0094892,0.074736,0.024036,-0.01949,-0.024715,0.095143,-0.071599,-0.047783,0.014038,-0.16068,-0.007983,-0.0050226,0.027783,-0.018509,0.10212,0.013507,-0.086528,-0.020427,-0.03669,0.030358,-0.13541,-0.034912,0.0018885,-0.047368,-0.09573,0.038711,0.22649
-0.084405,-0.012679,-0.067602,-0.15766,0.016248,-0.0075705,0.10851,-0.042896,-0.048372,-0.098066,-0.13061,0.0079172,-0.19602,0.071983,0.058775,0.070375,0.076372,-0.058089,0.054869,0.041045,-0.0795,-0.049755,0.0092409,0.025755,0.10636,0.091642,0.0073292,-0.058658,-0.16981,-0.013751,0.057399,0.036439,0.087208,-0.12241,-0.0077524,0.054422,-0.094257,0.010798,-0.071359,0.026654,-0.054919,-0.087955,-0.051518,0.031204,-0.0021795,0.079534,0.059499,0.058217,0.06298,-0.050112,0.17072,-0.019804,0.097311,-0.054196,-0.02019,0.071166,-0.1049,0.082565,-0.012985,0.022797,0.030195,0.11046,0.18717,-0.062202,0.067927,0.01218,0.010586,-0.054047,-0.025447,0.034962,0.037577,0.0573,-0.002232,-0.05522
-0.061258,-0.0058191,-0.041204,-0.14034,0.026443,0.038926,0.033543,0.019434,-0.029483,-0.06067,-0.085389,0.0024043,-0.024365,-0.042054,0.062919,-0.058974,0.045226,0.024153,-0.048919,0.028646,-0.048571,-0.037268,0.009898,0.013646,-0.081009,0.015068,0.022291,-0.051311,0.087195,0.013135,0.049394,-0.0041129,-0.080034,0.10521,0.0083715,-0.072459,0.041456,-0.0086532,-0.064744,0.018772,-0.074326,0.010585,-0.059231,-0.046952,-0.025972,0.052336,-0.066717,-0.041811,0.079766,0.053743,-0.15674,-0.073496,0.095104,0.14182,-0.044774,-0.12925,-0.052441,-0.045999,-0.012959,0.024565,0.074601,0.067717,-0.029337,-0.057179,-0.11287,0.081915,0.068913,-0.24367,0.0072137,-0.084346,0.13993,0.056009,-0.029648,-0.29764
-0.073095,-0.0094978,-0.045829,-0.14809,0.019268,0.08228,0.0075945,0.0031206,-0.069948,-0.09889,-0.1608,0.0086716,-0.0093206,-0.052622,0.029912,-0.15693,0.066496,0.084262,0.0041518,0.04712,0.020309,-0.036807,-0.0023003,0.040515,-0.10184,-0.03534,0.013716,-0.063136,0.039426,0.05383,0.037621,0.021235,-0.067225,0.063785,-0.014882,0.024118,0.031986,-0.0040609,-0.083463,-0.0096758,0.1258,0.10177,-0.069903,-0.014612,-0.008896,0.072292,-0.017372,-0.037563,0.076586,-1.2276e-006,-0.15088,-0.035206,0.11198,0.053565,-0.057702,-0.064255,-0.11392,-0.068728,-0.011801,0.019334,-0.061258,0.10429,-0.20384,-0.054591,-0.03611,-0.036753,0.018054,0.22532,-0.04116,0.031409,0.025187,0.011725,0.0089044,0.06005
-0.086119,-0.012327,-0.065691,-0.15711,0.025481,0.04694,0.058736,-0.011031,-0.046292,-0.10382,-0.15566,0.014322,-0.096768,0.00062313,0.055556,-0.036913,0.083412,0.01485,0.021557,0.056118,-0.024311,-0.046713,0.0028293,0.043583,0.020454,0.062714,0.00956,-0.068454,-0.068612,-0.016116,0.053782,0.018798,-0.0079786,-0.013472,0.0046961,0.042601,-0.024397,0.0073137,-0.073573,0.0044201,0.048393,0.014148,-0.060839,0.0017929,-0.009021,0.084622,-0.032354,-0.0035238,0.049354,0.0005159,0.053054,-0.016101,0.099249,0.015592,-0.052982,0.010042,-0.11851,-0.012886,-0.025288,0.021363,-0.02892,0.10574,-0.027902,-0.063963,0.033141,-0.0027961,0.0041061,0.15471,-0.041813,-0.021605,0.032189,0.020984,0.017255,-0.027505
-0.098523,0.0104,-0.085474,-0.14045,0.0061659,0.059073,0.024037,0.0041977,-0.043732,0.12056,-0.10133,-0.0093232,-0.078883,-0.020439,0.052879,0.00082883,-0.078768,0.051146,0.012649,-0.030776,-0.012471,-0.066914,-0.016534,0.06085,-0.0069631,-0.0044526,-0.017613,0.071456,-0.070441,0.039315,-0.027474,-0.062005,0.0016454,-0.0733,0.030896,0.035398,-0.022011,-0.027718,0.071894,-0.043408,0.097217,-0.018979,0.059578,-0.031262,-0.042827,-0.08717,0.045636,0.0095552,-0.073809,0.023861,-0.018727,0.024065,-0.094857,-0.073541,0.049236,0.015809,0.16299,-0.007643,0.0043046,-0.02786,-0.017538,-0.10065,0.016408,0.08465,-0.019723,-0.037296,-0.029458,-0.13614,0.034365,0.0008301,0.051444,0.10562,-0.03914,0.22704
-0.085096,0.012319,-0.065951,-0.15891,0.014833,-0.0078987,0.10929,-0.042054,-0.048829,0.095232,-0.13303,-0.0082627,-0.19368,0.071398,0.059831,0.073564,-0.079625,-0.059224,0.05397,-0.041391,-0.076093,-0.049822,-0.01315,0.026301,0.10551,0.093196,-0.0071654,0.057751,-0.17014,-0.012272,-0.054633,-0.036669,0.087688,-0.12387,0.0084712,0.05435,-0.094214,-0.013142,0.072379,0.027062,-0.054757,-0.088698,0.052218,0.031303,0.0028416,-0.079179,0.060778,0.058351,-0.063014,-0.050019,0.17118,0.01985,-0.097051,-0.053917,0.020304,0.071227,0.10526,0.082915,0.01274,-0.023423,0.030445,-0.11081,0.18701,0.062195,0.068546,0.012554,-0.011153,-0.054095,0.025618,0.035567,-0.038129,-0.057716,0.00045543,-0.054677
-0.061619,0.0058619,-0.040034,-0.14135,0.025287,0.035983,0.035191,0.021261,-0.030655,0.058503,-0.086551,-0.0027171,-0.024218,-0.042508,0.064956,-0.054173,-0.046712,0.02041,-0.048362,-0.030613,-0.046697,-0.035592,-0.01284,0.011701,-0.079255,0.020507,-0.02186,0.050599,0.087094,0.014269,-0.048545,0.0035115,-0.07963,0.10202,-0.010493,-0.073868,0.041876,0.0098902,0.065237,0.021658,-0.076155,0.013704,0.057254,-0.04536,0.025373,-0.050694,-0.069541,-0.041802,-0.078868,0.054356,-0.15887,0.072496,-0.094079,0.14395,0.046012,-0.1301,0.053464,-0.046389,0.012879,-0.025449,0.073484,-0.068336,-0.032606,0.056709,-0.11352,0.081627,-0.065802,-0.24359,-0.0066893,-0.085465,-0.1364,-0.053695,0.031366,-0.29679
-0.073558,0.0091304,-0.043955,-0.14928,0.018088,0.081895,0.008469,0.0040151,-0.070307,0.095702,-0.16322,-0.008851,-0.0065969,-0.053452,0.030841,-0.1541,-0.069447,0.082977,0.002873,-0.04781,0.023707,-0.036833,-0.0017926,0.040794,-0.10329,-0.033737,-0.01312,0.062068,0.03981,0.054799,-0.034863,-0.021063,-0.067086,0.063501,0.015031,0.023841,0.032366,0.0017527,0.083854,-0.0090647,0.12503,0.10117,0.07037,-0.014585,0.0095507,-0.072234,-0.017172,-0.037822,-0.076332,0.00048192,-0.15068,0.035095,-0.11204,0.054858,0.058188,-0.064363,0.11415,-0.068325,0.011455,-0.019704,-0.060874,-0.10488,-0.20415,0.053966,-0.036276,-0.036309,-0.018165,0.22539,0.041272,0.031999,-0.026532,-0.012702,-0.0091743,0.058194
-0.086761,0.011606,-0.063937,-0.15815,0.024368,0.046502,0.059714,-0.010309,-0.046652,0.099921,-0.15815,-0.014404,-0.094234,-0.00031962,0.056271,-0.033515,-0.087117,0.013751,0.020223,-0.055969,-0.020366,-0.046677,-0.0081768,0.043977,0.019703,0.064025,-0.0088776,0.06705,-0.06877,-0.015089,-0.050366,-0.018692,-0.0074943,-0.014808,-0.0044846,0.043124,-0.02443,-0.010503,0.074371,0.0047364,0.047585,0.013822,0.061192,0.0020694,0.010664,-0.085421,-0.031736,-0.0033005,-0.050707,0.00082825,0.054303,0.016389,-0.099734,0.016525,0.051736,0.01084,0.1169,-0.012702,0.026111,-0.020843,-0.029211,-0.10575,-0.028059,0.063772,0.033056,-0.0022157,-0.0041727,0.15442,0.041632,-0.020968,-0.035732,-0.026174,-0.017242,-0.028134
-0.040782,0.00011155,-0.057973,-0.1301,0.012183,-0.017267,0.055929,-0.026399,0.042891,-0.016667,0.013802,0.0064174,0.027683,0.028356,-0.076759,0.028714,-0.0049302,0.044453,-0.11384,0.0066129,-0.0015224,0.072044,0.004374,-0.067974,-0.083655,0.041298,0.0059321,-0.013702,0.20841,-0.098816,0.014915,0.0025868,-0.065273,0.13138,0.0063273,-0.1293,0.19141,-0.024289,-0.0069043,0.022799,-0.38744,-0.16896,0.012782,0.071674,-0.026176,0.0096719,0.15049,0.14701,-0.00058641,-0.091323,0.006793,-0.0089331,0.00076904,-0.062865,-0.0059322,0.052052,-0.0085932,0.0044829,-0.029702,0.0075645,-0.017129,0.020618,-0.01287,0.012258,0.017252,-0.0083172,0.00096631,0.04865,-0.012457,0.008501,0.0067545,-0.0010324,-0.020667,0.11548
0.04202,0.013592,0.014853,-0.090451,0.050526,-0.035098,-0.023052,0.093629,0.10855,-0.013934,0.044049,-0.016119,0.077868,-0.027267,0.046311,-0.035811,0.0029842,0.17689,0.24673,0.016587,-0.029431,0.40791,0.0091336,-0.028999,-0.23403,0.022806,0.043885,-0.011514,0.078564,-0.063963,0.026394,0.039546,0.011629,-0.13601,0.098873,0.1208,-0.069196,-0.12232,-0.026691,0.050868,0.026821,-0.0054281,0.097542,0.025048,-0.0595,-0.015607,-0.025715,-0.035619,0.014928,0.074047,0.083033,-0.06164,-0.037886,0.044438,0.013278,0.12094,0.014957,0.081468,0.0032461,-0.039537,0.0076017,-0.02349,0.041623,0.10092,0.04334,0.0088039,-0.045956,-0.045707,-0.03438,-0.024721,-0.065291,-0.012016,-0.066602,-0.065086
0.085263,0.0075116,0.034724,-0.075081,0.16197,0.067537,-0.11636,-0.0022534,0.24054,-0.034144,0.083233,0.012062,0.08852,0.14814,0.2809,0.16058,0.007678,0.020325,0.0042257,0.03925,-0.09715,0.0031936,0.058272,0.029122,0.06012,-0.011779,0.052858,-0.016505,-0.074234,0.12341,0.024294,0.039138,0.11454,0.089813,0.16851,-0.083465,0.072974,-0.13143,-0.023198,-0.043233,0.034815,-0.0409,0.12735,0.012656,-0.11645,0.24667,0.031799,-0.044905,-0.10095,0.10993,-0.046837,-0.041963,-0.21782,-0.0089959,0.051524,-0.024508,-0.05409,-0.025095,-0.091329,-0.18908,0.014688,0.059292,-0.14266,0.037229,-0.036534,-0.056518,0.02715,-0.10792,0.3028,0.18542,0.16806,-0.036423,-0.016343,0.14961
0.082157,0.0074434,0.072138,-0.060393,0.13383,0.020798,-0.047724,-0.017055,0.1622,-0.02132,0.012202,0.0082454,0.037332,0.055935,0.13545,0.005412,0.0098138,-0.083717,-0.053955,0.043377,0.025368,-0.057599,0.025364,0.013128,0.029256,-0.042112,0.039693,-0.036875,0.038188,0.024267,0.011679,0.010111,-0.068107,0.063492,0.083556,-0.065254,-0.054094,-0.04512,-0.044116,0.062915,-0.006302,0.16928,0.050519,0.014938,-0.060957,0.089508,-0.17346,0.0082858,-0.031684,-0.14466,-0.037459,-0.019666,-0.024162,-0.066449,0.00073991,0.054207,-0.015841,0.035267,-0.0072284,-0.093575,-0.089512,-0.0084166,0.17769,0.031124,0.061725,-0.029589,0.0076662,0.15053,0.00088842,-0.19854,0.0032366,0.0076316,0.036195,-0.1285
0.12829,0.0018083,0.16038,-0.046542,0.12458,-0.058178,0.010407,0.0069977,0.16572,-0.0001739,-0.067425,0.00040951,-0.061381,-0.056204,-0.049649,-0.14387,0.0010777,-0.077248,-0.078027,-0.0017653,0.11463,-0.027277,0.0020114,-0.013324,-0.017065,0.0014283,0.00053246,-0.00011031,0.017769,-0.037588,0.0007441,-0.0011402,-0.10168,-0.0059821,0.0010468,0.0022689,-0.042782,-0.0010576,-0.00023672,-0.0080216,-0.018305,0.081389,0.0001813,-0.12344,-0.00062652,0.00058698,-0.10673,0.046488,-0.00016452,-0.081215,-0.015393,-0.00056966,-0.00033609,-0.13455,-0.00026527,0.11691,6.2718e-005,-0.028579,0.00068927,-0.00077686,0.037587,0.00056561,-0.011382,-0.0002608,0.15894,0.08261,0.00093673,0.1256,-0.0010709,0.068185,-0.00037525,-0.00061601,-0.00051272,0.046599
0.081856,-0.0051822,0.07341,-0.060405,0.13354,0.019661,-0.045399,-0.016477,0.16072,0.020233,0.010354,-0.0071357,0.034708,0.04979,0.13314,0.004904,-0.0086197,-0.087259,-0.05498,-0.046365,0.023187,-0.058167,-0.022528,0.0093109,0.024839,-0.045631,-0.038752,0.03727,0.038104,0.023493,-0.010678,-0.010405,-0.066948,0.064962,-0.083179,-0.066169,-0.053683,0.044046,0.04287,0.064466,-0.0066453,0.17138,-0.049368,0.015554,0.058495,-0.086764,-0.1766,0.0070949,0.029073,-0.14095,-0.038254,0.019538,0.023089,-0.066031,-0.0011777,0.056303,0.01564,0.037222,0.0043595,0.089496,-0.088971,0.0092229,0.17825,-0.027917,0.06211,-0.031551,-0.006981,0.14698,-0.0050411,-0.19553,-0.0040297,-0.006927,-0.037282,-0.12445
0.084741,-0.0055545,0.035455,-0.075674,0.16271,0.068178,-0.1156,-0.0017795,0.24189,0.033537,0.083528,-0.011341,0.088036,0.14557,0.28269,0.16526,-0.006885,0.01693,0.0048882,-0.042208,-0.10304,0.002351,-0.056568,0.026953,0.056817,-0.015977,-0.052231,0.016701,-0.077309,0.12436,-0.023827,-0.040274,0.11494,0.092413,-0.17013,-0.084619,0.073136,0.13187,0.022685,-0.045652,0.035075,-0.042436,-0.12845,0.013431,0.11616,-0.2466,0.030896,-0.043737,0.10062,0.11043,-0.045892,0.042886,0.22044,-0.0071503,-0.052515,-0.023424,0.054999,-0.0248,0.089649,0.18736,0.014237,-0.058092,-0.14226,-0.035878,-0.03731,-0.053717,-0.02814,-0.10583,-0.30811,0.182,-0.17141,0.036131,0.014954,0.14812
0.042002,-0.01175,0.015177,-0.090689,0.049718,-0.03667,-0.021988,0.095565,0.10793,0.013285,0.044524,0.016347,0.076904,-0.029017,0.047196,-0.034061,-0.0015447,0.17557,0.2498,-0.020484,-0.030967,0.41183,-0.0081401,-0.031407,-0.23668,0.022162,-0.043588,0.011031,0.077491,-0.063812,-0.025864,-0.040902,0.0097167,-0.13788,-0.10143,0.12061,-0.069733,0.12659,0.028089,0.049613,0.028848,-0.0051631,-0.099973,0.023349,0.06028,0.014763,-0.024297,-0.033522,-0.018709,0.069723,0.080555,0.061473,0.037369,0.04154,-0.014183,0.11754,-0.017389,0.078475,-0.0037874,0.040345,0.0069921,0.02413,0.041148,-0.099055,0.042949,0.0077956,0.045099,-0.041902,0.036633,-0.023264,0.066994,0.011244,0.069133,-0.064491
-0.040753,0.0011572,-0.057565,-0.13039,0.01128,-0.018353,0.056168,-0.025436,0.04259,0.0156,0.014174,-0.0067494,0.026978,0.027843,-0.076403,0.030818,0.005594,0.043633,-0.11308,-0.010121,-0.0023855,0.072821,-0.0045401,-0.068643,-0.084123,0.041646,-0.00574,0.013247,0.20796,-0.098381,-0.015076,-0.0034195,-0.067821,0.13067,-0.0085109,-0.12977,0.19136,0.029086,0.0076519,0.022084,-0.38598,-0.17109,-0.01569,0.067109,0.026191,-0.0098464,0.15187,0.14774,-0.002729,-0.097381,0.0043986,0.0076629,-0.0023434,-0.066169,0.0050264,0.046643,0.005895,0.0013513,0.029893,-0.0070022,-0.015905,-0.021473,-0.011353,-0.0096006,0.017074,-0.0088624,-0.0018382,0.04437,0.016113,0.008044,-0.0046283,0.00093516,0.023535,0.11562
0.13386,-0.0029819,0.15194,-0.041504,0.11195,-0.08549,0.015205,0.011735,0.14857,-0.0081275,-0.034723,0.005099,-0.09105,-0.055854,-0.0088053,-0.11562,0.0018135,-0.09535,-0.077964,0.023758,0.09348,-0.050425,-2.9214e-005,-0.059979,0.034299,0.0055535,0.0213,-0.028216,0.047583,-0.060769,-0.00034995,-0.0083305,-0.058615,-0.03089,0.010035,-0.0042437,-0.024678,-0.010124,-0.01039,0.054116,0.019729,0.047378,0.01224,-0.096858,-0.009387,0.028778,-0.057916,0.027854,-0.0039847,-0.034015,0.046118,0.0053779,0.006135,-0.10253,-0.007302,-0.021918,0.011243,0.036239,0.0034636,-0.026144,0.036405,-0.010202,0.10397,0.016938,-0.011888,0.015094,-0.0047899,-0.092432,-0.024794,0.21779,-0.027827,0.011502,0.01071,0.038355
0.13407,0.0063941,0.15317,-0.041394,0.11227,-0.085924,0.015627,0.011841,0.14991,0.0074218,-0.035374,-0.0045298,-0.09212,-0.057491,-0.0099785,-0.11448,-0.00057444,-0.097344,-0.077758,-0.027897,0.09145,-0.051809,0.0035348,-0.061197,0.032828,0.0031729,-0.020544,0.027755,0.046095,-0.059993,0.0021069,0.0070038,-0.057316,-0.031391,-0.0090312,-0.0035576,-0.024214,0.0087553,0.009913,0.05111,0.019021,0.044193,-0.011958,-0.094578,0.0081757,-0.029432,-0.054329,0.027186,0.0044593,-0.03545,0.046372,-0.0057975,-0.0068221,-0.10296,0.0073195,-0.021165,-0.01121,0.03574,-0.0040815,0.025617,0.035788,0.0097467,0.10314,-0.017211,-0.011926,0.016794,0.003905,-0.089698,0.02261,0.21897,0.025407,-0.01167,-0.011434,0.034942
0.02815,-0.0021219,-0.084029,0.024905,0.0407,0.036911,-0.089402,-0.051923,-0.16302,-0.02124,-0.0081001,-0.015366,0.092972,-0.045241,0.14265,0.032998,0.011421,-0.044806,0.0304,0.052942,-0.023912,-0.050446,-0.015494,-0.14615,0.046222,-0.086592,0.10855,-0.15237,0.18063,-0.11167,-0.02794,-0.039991,0.039752,-0.076045,0.054026,-0.064219,0.034186,0.070931,-0.026358,0.042931,0.055205,0.035741,0.045228,-0.013432,-0.032662,0.075096,0.17848,-0.070806,-0.036478,0.04075,0.054034,-0.13276,0.026313,0.082283,0.024452,-0.12618,0.0094433,0.080158,0.09982,0.073108,0.0303,-0.11014,0.2499,0.017605,-0.11597,-0.20475,-0.049642,0.035731,0.012428,-0.042704,-0.13692,0.060192,0.2118,0.056035
0.088631,0.0020616,0.0034537,0.035761,0.081248,-0.057684,-0.10407,-0.056055,-0.16044,-0.016711,-0.038752,-0.0049819,0.0037286,-0.017614,-0.041752,0.077078,-0.012128,0.047422,0.0020711,0.032392,-0.027244,0.030958,-0.011176,0.028701,0.015623,0.0025857,0.065513,-0.08447,0.009131,0.014071,-0.011222,-0.0036172,0.011297,0.011624,0.060394,-0.010095,0.0052438,-0.0086351,-0.031985,0.01862,0.0089749,0.029616,0.056341,-0.071425,-0.040081,0.030233,0.028164,0.0058494,0.029377,0.06383,-0.10519,-0.041046,0.049408,0.019335,0.026234,0.031384,0.039773,-0.029741,0.021884,-0.008842,-0.029894,-0.067656,0.13601,0.042806,-0.065588,-0.038283,-0.11563,-0.020263,-0.045996,-0.033629,-0.055625,0.058954,0.24335,-0.046831
0.11364,-0.00017764,0.0524,0.037748,0.11632,-0.119,-0.10597,-0.038546,-0.13902,-0.0019502,-0.063127,0.0048917,-0.04994,-0.013802,-0.17295,0.10153,-0.0025315,0.09852,-0.017642,0.024713,-0.018216,0.064196,-0.008179,0.11177,0.023655,0.047157,0.021108,-0.02939,-0.093376,0.065925,-0.0043215,0.0014074,0.04097,0.056765,0.020654,0.03367,-0.023001,0.010678,-0.006478,-0.034879,-0.073024,-0.0045611,0.014757,0.016065,-0.0047884,0.029405,0.009349,0.023784,-0.0045499,0.031371,-0.18917,-0.011758,0.016854,-0.007843,0.018344,0.072767,-0.0096674,-0.061895,0.010436,0.005435,-0.078902,-0.019152,0.082959,-0.014749,-0.068902,0.06175,-0.024356,0.011539,0.00041081,0.033806,-0.014314,0.0073331,0.062521,-0.0084665
0.11417,0.0014623,0.051373,0.040687,0.11212,-0.09861,-0.10838,-0.066272,-0.12852,0.00062802,-0.055139,0.0012104,-0.052315,0.0020562,-0.17758,0.11773,-0.00042789,0.099612,-0.022909,0.00051304,-0.043897,0.066794,-0.00026403,0.10621,0.0149,0.037964,-0.00043825,-0.0009003,-0.096156,0.069783,-0.0010678,0.00044916,0.061044,0.059248,0.00031171,0.068906,-0.057455,-0.00027716,6.6339e-005,-0.013671,-0.05158,-0.029934,-0.00014899,-0.058312,-0.0002934,0.00052609,0.05493,0.012264,-0.00011309,0.034942,-0.15771,0.001559,0.00054661,0.013272,0.00047493,0.081457,-0.00030147,-0.0070805,0.0022744,-0.00045785,-0.14241,-0.00092577,0.031735,-0.00024234,-0.062235,0.011717,-0.0014256,0.028766,-0.00027515,0.046559,-0.00029959,0.0012562,0.00057707,0.04011
0.11352,0.0028692,0.052804,0.037713,0.11563,-0.11881,-0.10506,-0.038352,-0.13859,0.0031336,-0.063246,-0.0023421,-0.050101,-0.015681,-0.17296,0.10137,0.0018737,0.09844,-0.017624,-0.023633,-0.019164,0.063884,0.0077597,0.11214,0.02582,0.047446,-0.022147,0.027293,-0.092472,0.065167,0.0021462,-0.001162,0.041084,0.056154,-0.02079,0.033117,-0.022835,-0.010437,0.0062634,-0.035158,-0.072127,-0.006089,-0.015504,0.013343,0.0049062,-0.026756,0.010262,0.023991,0.003117,0.033284,-0.18978,0.014565,-0.016716,-0.011838,-0.017273,0.075176,0.0083191,-0.058508,-0.005547,-0.0059323,-0.086565,0.016941,0.080989,0.012698,-0.070143,0.058787,0.024349,0.0097999,0.00096815,0.03043,0.013136,-0.0069064,-0.063587,-0.011187
0.088433,-0.00030159,0.0042798,0.035246,0.080092,-0.057007,-0.10284,-0.054151,-0.15918,0.017937,-0.038557,0.0068726,0.0046951,-0.021355,-0.041115,0.077236,0.012267,0.048356,0.0022161,-0.031234,-0.028937,0.030526,0.01145,0.028947,0.018977,0.0030111,-0.067068,0.082891,0.010424,0.012732,0.0095432,0.002835,0.010025,0.010466,-0.062199,-0.011147,0.0062664,0.010299,0.032202,0.019358,0.0097815,0.027784,-0.057113,-0.074398,0.042786,-0.025663,0.029334,0.00613,-0.030658,0.066119,-0.10514,0.042058,-0.049577,0.015017,-0.026797,0.032501,-0.040244,-0.02717,-0.019804,0.0098653,-0.034495,0.066983,0.13229,-0.045622,-0.066645,-0.039811,0.12065,-0.020052,0.049968,-0.033442,0.052875,-0.061659,-0.24866,-0.04804
0.02772,0.0026995,-0.081994,0.023889,0.041067,0.038429,-0.088624,-0.048996,-0.16047,0.021761,-0.0088339,0.017284,0.095457,-0.050931,0.14093,0.034293,-0.011495,-0.040238,0.030634,-0.052063,-0.027218,-0.05179,0.015555,-0.14269,0.050393,-0.088362,-0.10758,0.15192,0.18061,-0.11329,0.026188,0.039797,0.039018,-0.075894,-0.058369,-0.061885,0.029753,-0.071278,0.023475,0.044877,0.052013,0.036477,-0.045912,-0.0094139,0.034969,-0.071,0.17684,-0.071373,0.041077,0.036564,0.056467,0.13104,-0.024931,0.085135,-0.02382,-0.12878,-0.00033367,0.077864,-0.10342,-0.074219,0.029345,0.10693,0.24979,-0.016431,-0.11841,-0.20614,0.049413,0.033861,-0.011058,-0.041373,0.13832,-0.064342,-0.20902,0.05727
0.084477,0.011128,-0.025985,0.014715,-0.075572,0.15301,0.091389,-0.0003085,-0.056031,0.013977,0.088958,0.024003,-0.0011342,0.01276,0.041469,-0.0020947,0.0099903,-0.060615,-0.028826,-0.054749,0.021837,0.00059601,0.016478,-0.0079862,0.009876,-0.006852,0.010585,0.079393,0.031702,-0.024545,0.0015156,0.022335,0.0031666,-0.055424,-0.10445,0.051276,-0.053672,-0.01997,0.0026625,0.037896,-0.063749,0.074574,-0.018683,0.050266,0.027806,-0.003032,0.020565,-0.00052503,0.029849,-0.058636,0.031773,0.085951,-0.0082906,-0.009554,0.047662,0.0036852,0.080641,-0.0029007,0.028681,-0.098865,-0.046917,-0.010421,-0.0024929,-0.014666,-0.16073,-0.0091631,0.036392,0.12353,-0.058217,-0.0067486,0.073058,-0.0089292,-0.13819,0.022758
0.13725,0.008843,-0.0021516,0.012386,-0.14541,0.24785,0.18103,0.033642,-0.030093,0.0033486,0.16717,0.0071556,-0.067195,0.03597,0.027209,-0.05039,0.0080066,-0.050939,-0.03643,-0.03678,0.040535,0.035178,0.0096765,0.014417,-0.041386,0.017797,0.001111,0.038478,-0.079433,0.029466,-0.024216,0.015825,0.040353,0.036514,-0.060024,0.098578,-0.021928,-0.0096132,-0.00011068,0.041398,-0.062734,0.018456,-0.0030946,-0.055536,0.011122,0.0017504,0.055586,-0.023401,0.022953,0.0036327,-0.048854,0.066471,-0.0071206,0.020963,0.016253,0.019484,0.055228,-0.027593,0.024504,-0.047284,-0.046576,-0.013578,0.018348,-0.0017632,-0.068349,0.051049,0.0080247,-0.013364,-0.027465,0.030349,0.033536,0.022601,-0.070393,0.0064481
0.159,0.0012484,0.012071,0.0048111,-0.16519,0.28334,0.20594,0.064316,-0.032907,0.00085584,0.19152,0.001156,-0.087692,0.035372,0.028622,-0.085192,-0.00059328,-0.040514,-0.03633,0.0010454,0.067293,0.061744,-0.00067365,0.025159,-0.065777,0.022636,9.3904e-005,-0.00035305,-0.10827,0.053726,-0.00061178,0.00052341,0.068283,0.083745,0.00069947,0.086045,-0.0050789,-0.00036065,0.00042437,0.04502,-0.059776,0.0015846,-0.00016628,-0.070954,-0.0011586,-0.001233,0.053201,-0.042664,0.00055879,0.027576,-0.073781,0.0015327,0.00058839,0.027078,-0.00047869,0.02535,-0.00036674,-0.061604,0.00049207,-0.00068011,-0.011731,-0.00050843,0.049652,0.00010713,0.010253,0.051764,-0.00077647,-0.11199,-0.00024172,0.034585,0.0012127,0.00068334,0.00034008,-0.030583
0.13682,-0.0075037,-0.0026796,0.012645,-0.14449,0.24683,0.17982,0.031897,-0.030355,-0.0016675,0.16681,-0.0058853,-0.066462,0.03774,0.026913,-0.050683,-0.0083761,-0.052092,-0.037065,0.038901,0.04121,0.034742,-0.011341,0.014804,-0.043749,0.016781,-0.0032191,-0.038472,-0.078977,0.02835,0.023985,-0.014674,0.039874,0.035816,0.061445,0.099529,-0.023688,0.0093769,0.00088012,0.040963,-0.063254,0.018078,0.0031186,-0.054954,-0.010603,-0.003878,0.053245,-0.02387,-0.023399,0.0010257,-0.045649,-0.069432,0.0073952,0.020198,-0.019311,0.018332,-0.056885,-0.026636,-0.029418,0.049253,-0.049706,0.015134,0.016736,0.0040863,-0.075207,0.05349,-0.011729,-0.014344,0.029893,0.03177,-0.035103,-0.020196,0.066931,0.0060377
0.084125,-0.010248,-0.027029,0.015234,-0.074679,0.15123,0.089801,-0.0031299,-0.057154,-0.012751,0.088527,-0.023194,-0.00072331,0.016046,0.041937,-0.0029356,-0.0097532,-0.062935,-0.02903,0.056053,0.023183,0.00081801,-0.017414,-0.0087604,0.0063336,-0.0075568,-0.012085,-0.079839,0.03139,-0.025186,-0.0031213,-0.021431,0.0030155,-0.056181,0.10342,0.051973,-0.054089,0.020028,-0.002693,0.038072,-0.063205,0.073518,0.019035,0.050035,-0.026232,0.0021277,0.018767,-0.0015905,-0.028673,-0.060277,0.034808,-0.089508,0.0093629,-0.010055,-0.05081,0.0028812,-0.079074,-0.0014182,-0.032613,0.10054,-0.050683,0.012004,-0.0042071,0.017154,-0.16681,-0.0060757,-0.040181,0.12158,0.061346,-0.0049662,-0.074788,0.010768,0.13505,0.023167
0.094898,-0.0026452,-0.010947,0.02317,-0.0014198,0.065765,0.010782,0.032307,-0.10341,-0.007267,0.032119,-0.0061635,-0.03625,-0.020403,-0.0099086,0.019584,0.0021483,0.0045455,-0.0077048,0.030958,0.016334,-0.0037268,-0.010123,0.04413,0.014369,0.05471,0.032705,-0.03998,0.084607,-0.069882,0.0043428,-0.013646,-0.065288,-0.06304,0.022235,-0.10788,0.11576,0.0095514,-0.010091,-0.16986,0.17525,-0.080642,0.017286,0.2523,-0.01264,0.041406,-0.16829,0.087647,-0.0092739,-0.036018,0.042555,-0.036214,0.024409,-0.0036288,0.0055205,-0.0099283,0.0016557,0.0011208,0.0079835,0.023116,0.019454,-0.024988,0.00056386,-0.0046336,0.039394,-0.03244,-0.01158,-0.047763,0.00086704,-0.00032857,-0.029984,0.0015057,0.087367,-0.0060465
0.11116,0.001353,0.0050064,0.027725,-0.013675,0.067425,0.033747,0.03781,-0.082742,0.0007373,0.047907,0.0011736,-0.060303,-0.0053876,-0.049792,0.018127,-0.00055131,0.0035122,-0.036016,0.00078745,0.011381,0.0081176,-0.00062874,0.08058,-0.014259,0.10089,-0.0003231,-0.0005393,0.060831,-0.05602,-0.00080666,0.00056861,-0.057354,-0.058912,0.00051443,-0.097796,0.12008,-0.00047429,0.00039831,-0.22626,0.19701,-0.14997,-2.4045e-005,0.28629,-0.00090825,-0.00045084,-0.19421,0.088398,0.00021538,-0.039984,0.026495,0.0016358,0.00047731,-0.018097,8.7767e-005,0.00038879,-0.00040328,0.019928,0.0010999,-0.00040141,-0.033141,-0.00048964,-0.027679,7.8427e-005,0.058744,-0.0050417,-0.001082,-0.078962,-0.00047967,0.005579,0.00064818,0.0011862,0.00019438,-0.019792
0.094872,0.0040121,-0.010145,0.02286,-0.0017963,0.066066,0.011544,0.034229,-0.10306,0.0088947,0.031847,0.007474,-0.036514,-0.022017,-0.0099352,0.019371,-0.0025284,0.0060945,-0.0066832,-0.029439,0.016041,-0.0033715,0.0090412,0.044387,0.017201,0.055609,-0.03513,0.040541,0.085598,-0.070063,-0.0047965,0.015398,-0.065803,-0.063023,-0.021629,-0.10955,0.11734,-0.0090324,0.010134,-0.16994,0.17709,-0.082205,-0.015292,0.25147,0.014818,-0.042533,-0.16887,0.087845,0.008675,-0.034191,0.041928,0.033476,-0.028143,-0.0042721,-0.0025244,-0.010764,-0.002679,0.003761,-0.0092968,-0.020297,0.02207,0.027093,0.0027916,0.0046131,0.036249,-0.025792,0.014871,-0.045323,-0.0048892,0.00086152,0.03227,-0.0029024,-0.084791,-0.0052461
0.10146,0.0019642,0.0037399,0.010937,0.045457,-0.0052906,-0.04739,-0.024544,-0.13327,0.0077664,-0.0064762,0.007103,-0.022293,-0.025411,-0.037198,0.069468,0.0028058,0.029917,-0.020016,-0.030156,-0.020794,0.024171,0.0029188,0.022131,-0.010602,-0.043344,-0.039478,0.038022,-0.044569,-0.0067622,0.00061292,0.014614,-0.041694,0.085512,-0.021137,-0.052336,-0.0064233,-0.003939,0.012062,0.10587,-0.016437,0.046946,-0.016415,-0.123,0.02602,-0.040914,0.02573,-0.069921,0.0029762,-0.012686,0.26455,0.021947,-0.042044,-0.029561,0.0055989,-0.12398,-0.013603,0.073624,-0.01913,-0.0068147,0.15289,0.029138,-0.18477,-0.0013991,0.10433,-0.013056,0.034986,0.043433,-0.00609,-0.078367,0.045188,-0.0010159,-0.085698,-0.030867
0.11304,0.0013937,0.023496,0.016941,0.043749,-0.019812,-0.046895,-0.035502,-0.11346,0.00069802,-0.011718,0.0011562,-0.043916,-0.010093,-0.084547,0.081506,-0.00048046,0.024706,-0.051673,0.00067217,-0.025263,0.039094,-0.0004693,0.056298,-0.037828,-0.01813,-0.00044671,-0.00062377,-0.087539,0.028861,-0.00087414,0.00060381,-0.017651,0.09484,0.00042195,-0.012789,-0.046266,-0.0003506,0.00032735,0.097077,-0.04938,0.015672,-6.6129e-005,-0.14833,-0.00070463,-0.00020739,0.047984,-0.086424,-5.665e-005,0.0039681,0.26398,0.0017225,0.00037424,-0.053368,0.00038958,-0.10235,-0.00051663,0.10042,0.0013802,-0.00061259,0.11155,-0.00050065,-0.27663,1.6846e-005,0.10337,-0.0023074,-0.0012714,0.042853,-0.00050039,-0.086293,0.00036451,0.0011312,0.00031451,0.009973
0.10157,-0.00055477,0.002995,0.0113,0.045746,-0.0055151,-0.047928,-0.026438,-0.13363,-0.0060917,-0.005994,-0.0058456,-0.022297,-0.023671,-0.03726,0.069631,-0.0031305,0.028185,-0.021198,0.031621,-0.020705,0.023948,-0.0035985,0.022142,-0.013467,-0.044058,0.036805,-0.037514,-0.045616,-0.0068897,-0.00093608,-0.01289,-0.041871,0.084902,0.02186,-0.050805,-0.0076151,0.0046013,-0.011952,0.10504,-0.017758,0.048495,0.018415,-0.12093,-0.023569,0.039986,0.025488,-0.069371,-0.0041318,-0.014647,0.26458,-0.024609,0.038116,-0.028789,-0.0016547,-0.12226,0.012976,0.070282,0.01829,0.009174,0.14964,-0.026779,-0.18631,0.0009223,0.10731,-0.019934,-0.031415,0.040792,0.0016047,-0.079008,-0.044203,-0.00029118,0.088536,-0.031378
0.11029,0.0013765,0.010467,0.022177,0.013224,0.024288,-0.0080455,0.00113,-0.099285,0.00069747,0.018481,0.0011857,-0.04372,-0.0093225,-0.06765,0.040243,-0.00052269,0.017002,-0.037735,0.00069217,-0.010197,0.025399,-0.00053124,0.064398,-0.025117,0.042216,-0.00042333,-0.00061316,-0.0089422,-0.019574,-0.00080395,0.00058007,-0.038054,0.018983,0.00048599,-0.052609,0.047867,-0.0003668,0.00039352,-0.063821,0.073539,-0.064448,-0.00012044,0.074658,-0.00089622,-0.00038398,-0.054681,-0.0045865,8.1347e-005,-0.027014,0.13419,0.0016415,0.00044169,-0.040566,0.00030458,-0.038795,-0.00040687,0.065633,0.0012889,-0.00047335,0.01128,-0.00058456,-0.15406,-1.771e-005,0.074012,-0.011303,-0.0011251,-0.017815,-0.00055097,-0.042101,0.00045551,0.0012344,0.00021039,0.0038408
0.18537,0.0026335,0.2413,-0.017062,0.13991,-0.12542,0.0096322,0.0042314,0.24863,-0.00028502,-0.059235,-7.0807e-007,-0.15581,-0.041247,-0.12892,-0.24446,0.0010683,-0.10733,0.015629,-0.0031234,0.17073,-0.074979,0.0032008,-0.12442,0.063834,-0.014014,0.00053892,-0.00071925,-0.040173,-0.02478,0.0017428,-0.0013407,0.078478,-0.23774,0.0035808,0.086631,0.026957,-0.0023294,0.00056583,-0.11781,0.040905,-0.18906,0.0011005,0.079921,0.0019233,-0.0032089,0.32944,-0.025871,0.0027699,0.11599,0.0074549,-0.00078491,0.0011214,0.3044,0.00070046,-0.15746,0.0012336,-0.1179,0.00082537,0.0032753,0.0179,-0.00079372,-0.15017,-0.0033909,-0.11342,-0.052263,0.00026147,-0.019597,0.0033386,-0.31916,0.0011717,-0.00014339,0.00055519,0.020235
